Species_pee,Tropical_Rainforest,Tropical_Monsoon,Tropical_Savannah,Humid_Subtropical,Humid_sub_Montane,Desert,Steppe,Mediterranean,Mediterranean_Cool_Summer,Oceanic,Continental_Montane,Humid_Continental_Boreal_Subpolar,Mediterranean_all_summer_variations,Cool_Continental,Tropical_Wet_and_high,Temperate_RF,mentioned micro,Citation,Thick_Bark,Serotiny,Grass_Stage,Resprout,Pyrophillic,More_than_one_adaptation
Abies_alba,no,no,no,no,no,no,no,no,no,no,yes,no,no,yes,no,no,,Farjon 2017,no,no,no,no,no,no
Abies_amabilis,no,no,no,no,no,no,no,no,no,yes,yes,no,no,yes,yes,yes,,FEIS 1990+,no,no,no,no,no,no
Abies_balsamea,no,no,no,no,no,no,no,no,no,no,yes,yes,no,yes,no,no,,FEIS 1990+ ,no,no,no,no,no,no
Abies_beshanzuensis,no,no,no,yes,no,no,no,no,no,no,no,no,no,no,no,no,,Earle 1997+,no,no,no,no,no,no
Abies_bifolia,no,no,no,no,no,no,no,no,no,no,yes,yes,no,yes,no,no,,Farjon 2017 lasiocarpa,no,no,no,no,no,no
Abies_borisii_regis,no,no,no,no,no,no,no,no,no,no,yes,no,no,yes,no,no,,Earle 1997+,no,no,no,no,no,no
Abies_bracteata,no,no,no,no,no,no,no,no,yes,no,no,no,yes,no,no,yes,da,Farjon 2017,no,no,no,no,no,no
Abies_cephalonica,no,no,no,no,no,no,no,no,yes,no,yes,yes,yes,yes,no,yes,,Earle 1997+,no,no,no,no,no,no
Abies_chengii,no,no,no,no,yes,no,no,no,no,no,yes,no,no,yes,yes,no,,Earle 1997+ forrestii,no,no,no,no,no,no
Abies_chensiensis,no,no,no,no,yes,no,no,no,no,no,yes,no,no,yes,yes,no,,Earle 1997+,no,no,no,no,no,no
Abies_cilicica,no,no,no,no,no,no,no,no,yes,no,yes,no,yes,yes,no,yes,,Earle 1997+,no,no,no,no,no,no
Abies_concolor,no,no,no,no,no,no,no,no,no,no,yes,no,no,yes,no,no,,FEIS 1990+,no,no,no,no,no,no
Abies_delavayi,no,no,no,no,yes,no,no,no,no,no,yes,yes,no,yes,yes,no,,Earle 1997+,no,no,no,no,no,no
Abies_densa,no,no,no,no,yes,no,no,no,no,no,yes,yes,no,yes,yes,no,,Earle 1997+,no,no,no,no,no,no
Abies_durangensis,no,no,no,no,yes,no,no,no,no,no,no,no,no,no,yes,no,noted as montane,Earle 1997+; Farjon 2017,no,no,no,no,no,no
Abies_ernestii,no,no,no,no,yes,no,no,no,no,no,yes,no,no,yes,yes,no,noted as montane,Earle 1997+ recurvata,no,no,no,no,no,no
Abies_fabri,no,no,no,no,yes,no,no,no,no,no,yes,no,no,yes,yes,no,,Farjon 2017,no,no,no,no,no,no
Abies_fanjingshanensis,no,no,no,no,no,no,no,no,no,no,yes,no,no,yes,no,no,,Earle 1997+,no,no,no,no,no,no
Abies_fansipanensis,no,no,no,no,yes,no,no,no,no,no,no,no,no,no,yes,no,,https://treesandshrubsonline.org/articles/abies/abies-fansipanensis/,no,no,no,no,no,no
Abies_fargesii,no,no,no,no,yes,no,no,no,no,no,yes,yes,no,yes,yes,no,,Farjon 2017,no,no,no,no,no,no
Abies_ferreana,no,no,no,no,yes,no,no,no,no,no,yes,no,no,yes,yes,no,,Earle 1997+ forrestii,no,no,no,no,no,no
Abies_firma,no,no,no,yes,no,no,no,no,no,no,yes,no,no,yes,no,no,,Farjon 2017,no,no,no,no,no,no
Abies_flinckii,no,no,no,no,yes,no,no,no,no,no,no,no,no,no,yes,no,montane,Earle 1997+ guatemalensis,no,no,no,no,no,no
Abies_forrestii,no,no,no,no,yes,no,no,no,no,no,yes,yes,no,yes,yes,no,,Earle 1997+,no,no,no,no,no,no
Abies_fraseri,no,no,no,no,no,no,no,no,no,no,yes,no,no,yes,no,no,,Farjon 2017,no,no,no,no,no,no
Abies_georgei,no,no,no,no,yes,no,no,no,no,no,yes,yes,no,yes,yes,no,,Farjon 2017 forrestii,no,no,no,no,no,no
Abies_grandis,no,no,no,no,no,no,no,no,yes,no,yes,no,yes,yes,no,yes,,FEIS 1990+,no,no,no,no,no,no
Abies_guatemalensis,no,no,no,no,yes,no,no,no,no,no,no,no,no,no,yes,no,,Earle 1997+; Farjon 2017,no,no,no,no,no,no
Abies_hickelii,no,no,no,no,yes,no,no,no,no,no,yes,no,no,yes,yes,no,,Earle 1997+; Farjon 2017,no,no,no,no,no,no
Abies_hidalgensis,no,no,no,no,yes,no,no,no,no,no,no,no,no,no,yes,no,,Earle 1997+; Farjon 2017,no,no,no,no,no,no
Abies_holophylla,no,no,no,no,no,no,no,no,no,no,yes,no,no,yes,no,no,,Farjon 2017,no,no,no,no,no,no
Abies_homolepis,no,no,no,yes,no,no,no,no,no,no,yes,no,no,yes,no,no,,Farjon 2017,no,no,no,no,no,no
Abies_kawakamii,no,no,no,no,yes,no,no,no,no,no,no,no,no,no,yes,no,,Farjon 2017,no,no,no,no,no,no
Abies_koreana,no,no,no,no,no,no,no,no,no,no,yes,no,no,yes,no,no,,Farjon 2017,no,no,no,no,no,no
Abies_lasiocarpa,no,no,no,no,no,no,no,no,no,no,yes,yes,no,yes,no,no,,FEIS 1990+,no,no,no,no,no,no
Abies_magnifica,no,no,no,no,no,no,no,no,no,no,yes,no,no,yes,no,no,,FEIS 1990+,yes,no,no,no,yes,no
Abies_mariesii,no,no,no,no,no,no,no,no,no,no,yes,yes,no,yes,no,no,,Farjon 2017,no,no,no,no,no,no
Abies_nebrodensis,no,no,no,no,no,no,no,no,yes,no,yes,no,yes,yes,no,yes,,Farjon 2017,no,no,no,no,no,no
Abies_nephrolepis,no,no,no,no,no,no,no,no,no,no,yes,yes,no,yes,no,no,,Farjon 2017,no,no,no,no,no,no
Abies_nordmanniana,no,no,no,no,no,no,no,no,no,no,yes,no,no,yes,no,no,,Farjon 2017,no,no,no,no,no,no
Abies_nukiangensis,no,no,no,no,yes,no,no,no,no,no,yes,yes,no,yes,yes,no,,Farjon 2017 delayvi,no,no,no,no,no,no
Abies_numidica,no,no,no,no,no,no,no,no,yes,no,no,no,yes,no,no,yes,,Farjon 2017,no,no,no,no,no,no
Abies_pindrow,no,no,no,no,yes,no,no,no,no,no,yes,no,no,yes,yes,no,,Earle 1997+,no,no,no,no,no,no
Abies_pinsapo,no,no,no,no,no,no,no,no,yes,no,no,no,yes,no,no,yes,,Farjon 2017,no,no,no,no,no,no
Abies_procera,no,no,no,no,no,no,no,no,yes,no,yes,no,yes,yes,no,yes,,FEIS 1990+,no,no,no,no,no,no
Abies_recurvata,no,no,no,no,yes,no,no,no,no,no,yes,no,no,yes,yes,no,,Earle 1997+,no,no,no,no,no,no
Abies_religiosa,no,no,no,no,yes,no,no,no,no,no,no,no,no,no,yes,no,,Earle 1997+; Farjon 2017,no,no,no,no,no,no
Abies_sachalinensis,no,no,no,no,no,no,no,no,no,no,yes,yes,no,yes,no,no,,Farjon 2017,no,no,no,no,no,no
Abies_sibirica,no,no,no,no,no,no,no,no,no,no,no,yes,no,yes,no,no,,Farjon 2017,no,no,no,no,no,no
Abies_spectabilis,no,no,no,no,no,no,no,no,no,no,yes,yes,no,yes,no,no,,Earle 1997+,no,no,no,no,no,no
Abies_squamata,no,no,no,no,no,no,no,no,no,no,yes,yes,no,yes,no,no,,Earle 1997+,no,no,no,no,no,no
Abies_veitchii,no,no,no,no,no,no,no,no,no,no,yes,yes,no,yes,no,no,,Farjon 2017,no,no,no,no,no,no
Abies_vejarii,no,no,no,no,yes,no,no,no,no,no,no,no,no,no,yes,no,,Earle 1997+; Farjon 2017,no,no,no,no,no,no
Abies_yuanbaoshanensis,no,no,no,no,yes,no,no,no,no,no,no,no,no,no,yes,no,micro,Farjon 2017,no,no,no,no,no,no
Abies_ziyuanensis,no,no,no,no,yes,no,no,no,no,no,no,no,no,no,yes,no,micro,Earle 1997+,no,no,no,no,no,no
Acmopyle_pancheri,yes,no,no,no,no,no,no,no,no,yes,no,no,no,no,yes,yes,,Jaffre 1995,no,no,no,no,no,no
Acmopyle_sahniana,yes,no,no,no,no,no,no,no,no,no,no,no,no,no,yes,no,,Enright and Jaffre 2011 ,no,no,no,no,no,no
Actinostrobus_arenarius,no,no,no,no,no,no,no,yes,no,no,no,no,yes,no,no,no,,Ladd et al. 2013,no,yes,no,no,yes,no
Actinostrobus_pyramidalis,no,no,no,no,no,no,no,yes,no,no,no,no,yes,no,no,no,,Ladd et al. 2013,no,yes,no,no,yes,no
Afrocarpus_dawei,no,no,yes,no,no,no,no,no,no,no,no,no,no,no,no,no,wet riverine forest,Farjon 2017,no,no,no,no,no,no
Afrocarpus_falcatus,no,no,no,yes,yes,no,no,no,yes,yes,no,no,yes,no,yes,yes,,Farjon 2017,no,no,no,no,no,no
Afrocarpus_gracilior,no,no,no,no,yes,no,no,no,no,no,no,no,no,no,yes,no,,Farjon 2017,no,no,no,no,no,no
Afrocarpus_mannii,no,no,no,no,yes,no,no,no,no,no,no,no,no,no,yes,no,,Farjon 2017,no,no,no,no,no,no
Afrocarpus_usambarensis,no,no,no,no,yes,no,no,no,no,no,no,no,no,no,yes,no,,Farjon 2017,no,no,no,no,no,no
Agathis_atropurpurea,yes,no,no,no,no,no,no,no,no,no,no,no,no,no,yes,no,,Farjon 2017,no,no,no,no,no,no
Agathis_australis,no,no,no,no,no,no,no,no,no,yes,no,no,no,no,yes,yes,NZ,Teixeira et al 2020 ; Lawes et al 2014,no,no,no,no,no,no
Agathis_borneensis,yes,no,no,no,no,no,no,no,no,no,no,no,no,no,yes,no,,Farjon 2017,no,no,no,no,no,no
Agathis_corbassonii,yes,no,no,no,no,no,no,no,no,no,no,no,no,no,yes,no,,Jaffre 1995,no,no,no,no,no,no
Agathis_dammara,yes,no,no,no,no,no,no,no,no,no,no,no,no,no,yes,no,,Farjon 2017,no,no,no,no,no,no
Agathis_labillardierei,yes,no,no,no,no,no,no,no,no,no,no,no,no,no,yes,no,,Farjon 2017,no,no,no,no,no,no
Agathis_lanceolata,yes,no,no,no,no,no,no,no,no,no,no,no,no,no,yes,no,,Jaffre 1995,no,no,no,no,no,no
Agathis_macrophylla,yes,no,no,no,no,no,no,no,no,no,no,no,no,no,yes,no,,Thomson 2006,no,no,no,no,no,no
Agathis_microstachya,yes,no,no,no,no,no,no,no,no,no,no,no,no,no,yes,no,,Farjon 2017,no,no,no,no,no,no
Agathis_montana,no,no,no,no,no,no,no,no,no,yes,no,no,no,no,yes,yes,New cal,Jaffre 1995,no,no,no,no,no,no
Agathis_moorei,yes,no,no,no,no,no,no,no,no,no,no,no,no,no,yes,no,New cal,Jaffre 1995,no,no,no,no,no,no
Agathis_ovata,yes,no,no,no,no,no,no,no,no,no,no,no,no,no,yes,no,New cal,Enright and Goldblum 1998,yes,no,no,no,yes,no
Agathis_philippinensis,yes,no,no,no,no,no,no,no,no,no,no,no,no,no,yes,no,,Farjon 2017 dammara,no,no,no,no,no,no
Agathis_robusta,yes,no,no,no,no,no,no,no,no,no,no,no,no,no,yes,no,,Farjon 2017,no,no,no,no,no,no
Agathis_silbae,yes,no,no,no,no,no,no,no,no,no,no,no,no,no,yes,no,,Farjon 2017,no,no,no,no,no,no
Agathis_vitiensis,yes,no,no,no,no,no,no,no,no,no,no,no,no,no,yes,no,,Ash 1985. ,no,no,no,no,no,no
Amentotaxus_argotaenia,no,no,no,yes,no,no,no,no,no,no,no,no,no,no,no,no,,Farjon 2017,no,no,no,no,no,no
Amentotaxus_formosana,no,no,no,no,yes,no,no,no,no,no,no,no,no,no,yes,no,,Farjon 2017,no,no,no,no,no,no
Amentotaxus_poilanei,no,no,no,no,yes,no,no,no,no,no,no,no,no,no,yes,no,,Farjon 2017,no,no,no,no,no,no
Amentotaxus_yunnanensis,no,no,no,no,yes,no,no,no,no,no,no,no,no,no,yes,no,,Farjon 2017,no,no,no,no,no,no
Araucaria_angustifolia,no,no,no,yes,no,no,no,no,no,no,no,no,no,no,no,no,,Ntima 1968,yes,no,no,no,yes,no
Araucaria_araucana,no,no,no,no,no,no,no,no,yes,yes,yes,no,yes,yes,yes,yes,,Veblen 1982,yes,no,no,yes,yes,yes
Araucaria_bernieri,yes,no,no,no,no,no,no,no,no,no,no,no,no,no,yes,no,,Jaffre 1995,no,no,no,no,no,no
Araucaria_bidwillii,no,no,no,yes,no,no,no,no,no,no,no,no,no,no,no,no,,Huth and Holzworth 2005,yes,no,no,no,yes,no
Araucaria_biramulata,yes,no,no,no,no,no,no,no,no,yes,no,no,no,no,yes,yes,,Jaffre 1995,no,no,no,no,no,no
Araucaria_columnaris,yes,no,no,no,no,no,no,no,no,no,no,no,no,no,yes,no,,Jaffre 1995,no,no,no,no,no,no
Araucaria_cunninghamii,no,no,no,yes,no,no,no,no,no,no,no,no,no,no,no,no,,Ntima 1968,no,no,no,no,no,no
Araucaria_heterophylla,no,no,no,yes,no,no,no,no,no,no,no,no,no,no,no,no,,Earle 1997+,no,no,no,no,no,no
Araucaria_humboldtensis,yes,no,no,no,no,no,no,no,no,yes,no,no,no,no,yes,yes,,Thomas et al. 2019,no,no,no,no,no,no
Araucaria_hunsteinii,no,no,no,no,no,no,no,no,no,yes,no,no,no,no,yes,yes,,Ntima 1968 ,no,no,no,no,no,no
Araucaria_laubenfelsii,yes,no,no,no,no,no,no,no,no,no,no,no,no,no,yes,no,,Rigg 2005,yes,no,no,no,yes,no
Araucaria_luxurians,yes,no,no,no,no,no,no,no,no,no,no,no,no,no,yes,no,,Farjon 2017,no,no,no,no,no,no
Araucaria_montana,yes,no,no,no,no,no,no,no,no,yes,no,no,no,no,yes,yes,,Rigg 2005,yes,no,no,no,yes,no
Araucaria_muelleri,yes,no,no,no,no,no,no,no,no,yes,no,no,no,no,yes,yes,,Rusham 2016,no,no,no,no,no,no
Araucaria_nemorosa,yes,no,no,no,no,no,no,no,no,no,no,no,no,no,yes,no,,Jaffre 1995,no,no,no,no,no,no
Araucaria_rulei,yes,no,no,no,no,no,no,no,no,no,no,no,no,no,yes,no,,Rusham 2016,no,no,no,no,no,no
Araucaria_schmidii,no,no,no,no,no,no,no,no,no,yes,no,no,no,no,yes,yes,,Jaffre 1995,no,no,no,no,no,no
Araucaria_scopulorum,yes,no,no,no,no,no,no,no,no,no,no,no,no,no,yes,no,,Gauduel 2012,no,no,no,no,no,no
Araucaria_subulata,yes,no,no,no,no,no,no,no,no,yes,no,no,no,no,yes,yes,,Jaffre 1995,no,no,no,no,no,no
Athrotaxis_cupressoides,no,no,no,no,yes,no,no,no,no,no,no,no,no,no,yes,no,,Worth et al. 2016,no,no,no,no,no,no
Athrotaxis_laxifolia,no,no,no,no,yes,no,no,no,no,no,no,no,no,no,yes,no,,Cullen 1988 ,no,no,no,no,no,no
Athrotaxis_selaginoides,no,no,no,no,yes,no,no,no,no,yes,no,no,no,no,yes,yes,,Cullen 1988 ,no,no,no,no,no,no
Austrocedrus_chilensis,no,no,no,no,no,no,no,no,yes,yes,yes,no,yes,yes,yes,yes,,Farjon 2017,no,no,no,no,no,no
Austrotaxus_spicata,yes,no,no,no,yes,no,no,no,no,no,no,no,no,no,yes,no,,Farjon 2017,no,no,no,no,no,no
Callitris_canescens,no,no,no,no,no,yes,yes,yes,yes,no,no,no,yes,no,no,yes,,Ladd et al 2013,no,yes,no,no,yes,no
Callitris_columellaris,no,no,yes,no,no,yes,yes,yes,yes,no,no,no,yes,no,no,yes,,Ladd et al 2013,no,no,no,no,no,no
Callitris_drummondii,no,no,no,no,no,no,no,yes,yes,no,no,no,yes,no,no,yes,,Ladd et al 2013,no,yes,no,no,yes,no
Callitris_endlicheri,no,no,no,yes,no,no,no,no,no,yes,no,no,no,no,yes,yes,,Ladd et al 2013,no,no,no,no,no,no
Callitris_macleayana,yes,yes,no,yes,no,no,no,no,no,yes,no,no,no,no,yes,yes,,Ladd et al 2013,no,yes,no,no,yes,no
Callitris_muelleri,no,no,no,yes,no,no,no,no,no,yes,no,no,no,no,yes,yes,,Ladd et al 2013,no,yes,no,no,yes,no
Callitris_preissii,no,no,no,no,no,no,yes,yes,yes,no,no,no,yes,no,no,yes,,Ladd et al 2013,no,yes,no,no,yes,no
Callitris_rhomboidea,no,no,no,no,no,no,no,yes,no,no,no,no,yes,no,no,no,,Ladd et al 2013,no,yes,no,no,yes,no
Callitris_sulcata,yes,no,no,no,no,no,no,no,no,no,no,no,no,no,yes,no,,Haverkamp et al 2015,no,no,no,no,no,no
Callitris_verrucosa,no,no,no,no,no,no,yes,no,no,no,no,no,no,no,no,no,,Ladd et al 2013,no,yes,no,no,yes,no
Calocedrus_decurrens,no,no,no,no,no,no,no,yes,yes,no,yes,no,yes,yes,no,yes,,FEIS 1990+,yes,no,no,no,yes,no
Calocedrus_formosana,no,no,no,yes,yes,no,no,no,no,yes,no,no,no,no,yes,yes,,Farjon 2017,no,no,no,no,no,no
Calocedrus_macrolepis,no,no,no,no,yes,no,no,no,no,no,no,no,no,no,yes,no,,Farjon 2017,no,no,no,no,no,no
Calocedrus_rupestris,no,no,no,no,yes,no,no,no,no,no,no,no,no,no,yes,no,,Earle 1997+,no,no,no,no,no,no
Cathaya_argyrophylla,no,no,no,no,yes,no,no,no,no,no,no,no,no,no,yes,no,,Earle 1997+,no,no,no,no,no,no
Cedrus_atlantica,no,no,no,no,no,no,no,yes,yes,no,yes,no,yes,yes,no,yes,,Slimani et al. 2014,yes,no,no,no,yes,no
Cedrus_deodara,no,no,no,no,yes,no,no,no,no,no,yes,no,no,yes,yes,no,,Earle 1997+,no,no,no,no,no,no
Cedrus_libani,no,no,no,no,no,no,no,no,yes,no,yes,no,yes,yes,no,yes,,Yilmaz et al. 2019,no,no,no,no,no,no
Cephalotaxus_fortunei,no,no,no,no,yes,no,no,no,no,no,no,no,no,no,yes,no,,Farjon 2017,no,no,no,no,no,no
Cephalotaxus_hainanensis,no,yes,no,yes,no,no,no,no,no,no,no,no,no,no,yes,no,,Farjon 2017,no,no,no,no,no,no
Cephalotaxus_harringtonii,no,no,no,yes,yes,no,no,no,no,yes,yes,no,no,yes,yes,yes,,Farjon 2017,no,no,no,no,no,no
Cephalotaxus_lanceolata,no,no,no,no,yes,no,no,no,no,no,no,no,no,no,yes,no,,Farjon 2017,no,no,no,no,no,no
Cephalotaxus_latifolia,no,no,no,yes,yes,no,no,no,no,no,no,no,no,no,yes,no,,Farjon 2017,no,no,no,no,no,no
Cephalotaxus_mannii,no,yes,yes,yes,yes,no,no,no,no,no,no,no,no,no,yes,no,,Farjon 2017,no,no,no,no,no,no
Cephalotaxus_oliveri,no,no,no,yes,yes,no,no,no,no,no,no,no,no,no,yes,no,,Farjon 2017,no,no,no,no,no,no
Cephalotaxus_sinensis,no,no,no,yes,yes,no,no,no,no,no,no,no,no,no,yes,no,,Farjon 2017,no,no,no,no,no,no
Chamaecyparis_formosensis,no,no,no,no,yes,no,no,no,no,no,no,no,no,no,yes,no,,Farjon 2017,no,no,no,no,no,no
Chamaecyparis_lawsoniana,no,no,no,no,no,no,no,no,yes,no,yes,no,yes,yes,no,yes,,FEIS 1990+,yes,no,no,no,yes,no
Chamaecyparis_obtusa,no,no,no,yes,yes,no,no,no,no,no,yes,no,no,yes,yes,no,,Farjon 2017,no,no,no,no,no,no
Chamaecyparis_pisifera,no,no,no,yes,no,no,no,no,no,no,yes,no,no,yes,no,no,,Farjon 2017,no,no,no,no,no,no
Chamaecyparis_thyoides,no,no,no,yes,no,no,no,no,no,no,yes,no,no,yes,no,no,,FEIS 1990+,no,no,no,no,no,no
Cryptomeria_japonica,no,no,no,yes,no,no,no,no,no,no,yes,no,no,yes,no,no,,Farjon 2017,no,no,no,no,no,no
Cunninghamia_konishii,no,no,no,yes,yes,no,no,no,no,no,no,no,no,no,yes,no,,Earle 1997+,no,no,no,no,no,no
Cunninghamia_lanceolata,no,no,no,yes,no,no,no,no,no,no,no,no,no,no,no,no,,Farjon 2017,no,no,no,no,no,no
Cupressus_atlantica,no,no,no,no,no,no,no,yes,no,no,no,no,yes,no,no,no,,Farjon 2017,no,no,no,no,no,no
Cupressus_austrotibetica,no,no,no,no,yes,no,no,no,no,no,no,no,no,no,yes,no,,Farjon 2017 ducloxiana,no,no,no,no,no,no
Cupressus_cashmeriana,no,no,no,no,yes,no,no,no,no,no,yes,no,no,yes,yes,no,,Farjon 2017,no,no,no,no,no,no
Cupressus_chengiana,no,no,no,no,yes,no,no,no,no,no,no,no,no,no,yes,no,,Farjon 2017,no,no,no,no,no,no
Cupressus_duclouxiana,no,no,no,no,yes,no,no,no,no,no,no,no,no,no,yes,no,,Farjon 2017,no,no,no,no,no,no
Cupressus_dupreziana,no,no,no,no,no,yes,no,no,no,no,no,no,no,no,no,no,,Farjon 2017,no,no,no,no,no,no
Cupressus_funebris,no,no,no,yes,yes,no,no,no,no,no,no,no,no,no,yes,no,,Farjon 2017,no,no,no,no,no,no
Cupressus_gigantea,no,no,no,no,yes,no,no,no,no,no,yes,no,no,yes,yes,no,,Earle 1997+,no,no,no,no,no,no
Cupressus_jiangensis,no,no,no,no,yes,no,no,no,no,no,yes,no,no,yes,yes,no,,Earle 1997+ chengiana,no,no,no,no,no,no
Cupressus_sempervirens,no,no,no,no,no,no,no,yes,no,no,no,no,yes,no,no,no,,Earle 1997+;,no,yes,no,no,yes,no
Cupressus_torulosa,no,no,no,no,yes,no,no,no,no,no,yes,no,no,yes,yes,no,,Earle 1997+;,no,no,no,no,no,no
Dacrycarpus_cinctus,yes,no,no,no,no,no,no,no,no,yes,no,no,no,no,yes,yes,,Ash 1988,no,no,no,no,no,no
Dacrycarpus_compactus,no,no,no,no,no,no,no,no,no,yes,no,no,no,no,yes,yes,,corlet 1987; Earle 1997+,yes,no,no,no,yes,no
Dacrycarpus_cumingii,yes,yes,no,no,no,no,no,no,no,no,no,no,no,no,yes,no,,Earle 1997+,no,no,no,no,no,no
Dacrycarpus_dacrydioides,no,no,no,no,no,no,no,no,no,yes,no,no,no,no,yes,yes,,Teixeira et al 2020,no,no,no,no,no,no
Dacrycarpus_expansus,yes,no,no,no,no,no,no,no,no,yes,no,no,no,no,yes,yes,,Farjon 2017,no,no,no,no,no,no
Dacrycarpus_imbricatus,yes,yes,no,yes,no,no,no,no,no,yes,no,no,no,no,yes,yes,,Sawada et al. 2016,no,no,no,no,no,no
Dacrycarpus_kinabaluensis,yes,no,no,no,no,no,no,no,no,no,no,no,no,no,yes,no,,Sawada et al. 2016,no,no,no,no,no,no
Dacrycarpus_vieillardii,yes,no,no,no,no,no,no,no,no,no,no,no,no,no,yes,no,,Jaffre 1995,no,no,no,no,no,no
Dacrydium_araucarioides,yes,no,no,no,no,no,no,no,no,no,no,no,no,no,yes,no,,Earle 1997+; Farjon 2017,no,no,no,no,no,no
Dacrydium_balansae,yes,no,no,no,no,no,no,no,no,no,no,no,no,no,yes,no,,Earle 1997+,no,no,no,no,no,no
Dacrydium_beccarii,yes,no,no,no,no,no,no,no,no,no,no,no,no,no,yes,no,,Sawada et al. 2016,no,no,no,no,no,no
Dacrydium_comosum,no,no,no,no,yes,no,no,no,no,no,no,no,no,no,yes,no,,Earle 1997+,no,no,no,no,no,no
Dacrydium_cupressinum,no,no,no,no,no,no,no,no,no,yes,no,no,no,no,yes,yes,,Teixeira et al 2020,no,no,no,no,no,no
Dacrydium_elatum,yes,yes,yes,no,no,no,no,no,no,no,no,no,no,no,yes,no,,Earle 1997+,no,no,no,no,no,no
Dacrydium_gibbsiae,no,no,no,no,no,no,no,no,no,yes,no,no,no,no,yes,yes,,Earle 1997+,no,no,no,no,no,no
Dacrydium_gracile,no,no,no,no,no,no,no,no,no,yes,no,no,no,no,yes,yes,,Earle 1997+,no,no,no,no,no,no
Dacrydium_guillauminii,yes,no,no,no,no,no,no,no,no,no,no,no,no,no,yes,no,,Jaffre 1995,no,no,no,no,no,no
Dacrydium_lycopodioides,no,no,no,no,no,no,no,no,no,yes,no,no,no,no,yes,yes,,Jaffre 1995,no,no,no,no,no,no
Dacrydium_magnum,yes,no,no,no,no,no,no,no,no,no,no,no,no,no,yes,no,,Earle 1997+; Farjon 2017,no,no,no,no,no,no
Dacrydium_nausoriense,yes,no,no,no,no,no,no,no,no,no,no,no,no,no,yes,no,,Farjon 2017,no,no,no,no,no,no
Dacrydium_nidulum,yes,no,no,no,no,no,no,no,no,no,no,no,no,no,yes,no,,Keppel et al 2006,no,no,no,no,no,no
Dacrydium_xanthandrum,yes,no,no,no,no,no,no,no,no,yes,no,no,no,no,yes,yes,,Earle 1997+; Farjon 2017,no,no,no,no,no,no
Diselma_archeri,no,no,no,no,yes,no,no,no,no,no,no,no,no,no,yes,no,,Jordan 2019,no,no,no,no,no,no
Falcatifolium_falciforme,yes,no,no,no,no,no,no,no,no,yes,no,no,no,no,yes,yes,,Sawada et al. 2016,no,no,no,no,no,no
Falcatifolium_papuanum,yes,no,no,no,no,no,no,no,no,yes,no,no,no,no,yes,yes,,Earle 1997+,no,no,no,no,no,no
Falcatifolium_taxoides,yes,no,no,no,no,no,no,no,no,yes,no,no,no,no,yes,yes,new cal,Jaffre 1995,no,no,no,no,no,no
Fitzroya_cupressoides,no,no,no,no,no,no,no,no,yes,yes,no,no,yes,no,yes,yes,,Veblen et al 2006 ,yes,no,no,no,yes,no
Fokienia_hodginsii,no,no,no,yes,yes,no,no,no,no,no,no,no,no,no,yes,no,,Farjon 2017,no,no,no,no,no,no
Glyptostrobus_pensilis,no,no,no,yes,no,no,no,no,no,no,no,no,no,no,no,no,,Farjon 2017,no,no,no,no,no,no
Halocarpus_biformis,no,no,no,no,no,no,no,no,no,yes,no,yes,no,yes,yes,yes,,Farjon 2017,no,no,no,no,no,no
Halocarpus_kirkii,no,no,no,no,no,no,no,no,no,yes,no,no,no,no,yes,yes,,Farjon 2017,no,no,no,no,no,no
Hesperocyparis_abramsiana,no,no,no,no,no,no,no,yes,no,no,no,no,yes,no,no,no,,FEIS 1990+ Goveana,no,yes,no,no,yes,no
Hesperocyparis_arizonica,no,no,no,no,no,yes,yes,no,no,no,no,no,no,no,no,no,,FEIS 1990+,no,yes,no,no,yes,no
Hesperocyparis_bakeri,no,no,no,no,no,no,no,no,yes,no,no,no,yes,no,no,yes,,FEIS 1990+,no,yes,no,no,yes,no
Hesperocyparis_benthamii,no,no,yes,no,yes,no,yes,no,no,no,no,no,no,no,yes,no,,FEIS 1990+,no,yes,no,no,yes,no
Hesperocyparis_forbesii,no,no,no,no,no,no,yes,yes,no,no,no,no,yes,no,no,no,,FEIS 1990+,no,yes,no,no,yes,no
Hesperocyparis_glabra,no,no,no,no,no,no,yes,yes,no,no,no,no,yes,no,no,no,,FEIS 1990+,no,yes,no,no,yes,no
Hesperocyparis_goveniana,no,no,no,no,no,no,no,yes,no,no,no,no,yes,no,no,no,,FEIS 1990+,no,yes,no,no,yes,no
Hesperocyparis_guadalupensis,no,no,no,no,no,no,no,yes,no,no,no,no,yes,no,no,no,,FEIS 1990+,no,yes,no,no,yes,no
Hesperocyparis_lusitanica,no,no,no,yes,yes,no,no,no,no,no,no,no,no,no,yes,no,,FEIS 1990+,no,yes,no,no,yes,no
Hesperocyparis_macnabiana,no,no,no,no,no,no,no,yes,yes,no,no,no,yes,no,no,yes,,FEIS 1990+,no,yes,no,no,yes,no
Hesperocyparis_macrocarpa,no,no,no,no,no,no,no,yes,no,no,no,no,yes,no,no,no,,FEIS 1990+,no,yes,no,no,yes,no
Hesperocyparis_montana,no,no,no,no,no,no,no,yes,yes,no,no,no,yes,no,no,yes,,FEIS 1990+,no,yes,no,no,yes,no
Hesperocyparis_nevadensis,no,no,no,no,no,no,yes,no,no,no,no,no,no,no,no,no,,FEIS 1990+,no,yes,no,no,yes,no
Hesperocyparis_sargentii,no,no,no,no,no,no,no,yes,yes,no,no,no,yes,no,no,yes,,FEIS 1990+,no,yes,no,no,yes,no
Hesperocyparis_stephensonii,no,no,no,no,no,no,no,yes,no,no,no,no,yes,no,no,no,,FEIS 1990+,no,yes,no,no,yes,no
Juniperus_angosturana,no,no,no,yes,yes,no,yes,no,no,no,no,no,no,no,yes,no,,Farjon 2017,no,no,no,no,no,no
Juniperus_ashei,no,no,no,yes,no,yes,yes,no,no,no,yes,no,no,yes,no,no,,FEIS 1990+,no,no,no,no,no,no
Juniperus_barbadensis,yes,yes,yes,no,no,no,no,no,no,no,no,no,no,no,yes,no,,Farjon 2017; Earle 1997+,no,no,no,no,no,no
Juniperus_bermudiana,no,no,no,yes,no,no,no,no,no,no,no,no,no,no,no,no,,Farjon 2017; Earle 1997+,no,no,no,no,no,no
Juniperus_blancoi,no,no,no,yes,yes,no,no,no,no,no,no,no,no,no,yes,no,,Farjon 2017; Earle 1997+,no,no,no,no,no,no
Juniperus_californica,no,no,no,no,no,no,yes,yes,no,no,no,no,yes,no,no,no,,FEIS 1990+,no,no,no,no,no,no
Juniperus_chinensis,no,no,no,yes,no,no,no,no,no,no,yes,no,no,yes,no,no,,Farjon 2017,no,no,no,no,no,no
Juniperus_comitana,no,no,no,no,yes,no,no,no,no,no,no,no,no,no,yes,no,,Farjon 2017; Earle 1997+,no,no,no,no,no,no
Juniperus_communis,no,no,no,no,no,no,yes,no,no,no,yes,yes,no,yes,no,no,,FEIS 1990+,no,no,no,no,no,no
Juniperus_convallium,no,no,no,no,yes,no,no,no,no,no,yes,no,no,yes,yes,no,,Earle 1997+,no,no,no,no,no,no
Juniperus_drupacea,no,no,no,no,no,no,no,yes,no,no,yes,no,yes,yes,no,no,,Farjon 2017,no,no,no,no,no,no
Juniperus_durangensis,no,no,no,yes,yes,no,no,no,no,no,no,no,no,no,yes,no,,Farjon 2017; Earle 1997+,no,no,no,no,no,no
Juniperus_excelsa,no,no,no,no,no,no,no,no,no,no,yes,no,no,yes,no,no,,Farjon 2017,no,no,no,no,no,no
Juniperus_flaccida,no,no,no,yes,yes,yes,yes,no,no,no,no,no,no,no,yes,no,,FEIS 1990+,no,no,no,no,no,no
Juniperus_formosana,no,no,no,no,yes,no,no,no,no,no,no,no,no,no,yes,no,,Farjon 2017,no,no,no,no,no,no
Juniperus_gamboana,no,no,no,no,yes,no,no,no,no,no,no,no,no,no,yes,no,,Farjon 2017,no,no,no,no,no,no
Juniperus_gracilior,no,no,no,no,no,no,no,no,no,yes,no,no,no,no,yes,yes,,Farjon 2017,no,no,no,no,no,no
Juniperus_horizontalis,no,no,no,no,no,no,yes,no,no,no,yes,yes,no,yes,no,no,,FEIS 1990+,no,no,no,no,no,no
Juniperus_indica,no,no,no,no,no,no,no,no,no,no,yes,no,no,yes,no,no,,Farjon 2017,no,no,no,no,no,no
Juniperus_komarovii,no,no,no,no,yes,no,no,no,no,no,yes,no,no,yes,yes,no,,Farjon 2017,no,no,no,no,no,no
Juniperus_microsperma,no,no,no,no,yes,no,no,no,no,no,yes,no,no,yes,yes,no,,Earle 1997+; convallium,no,no,no,no,no,no
Juniperus_monosperma,no,no,no,no,no,no,yes,no,no,no,no,no,no,no,no,no,,FEIS 1990+,no,no,no,no,no,no
Juniperus_monticola,no,no,no,no,yes,no,no,no,no,no,yes,no,no,yes,yes,no,,Farjon 2017,no,no,no,no,no,no
Juniperus_occidentalis,no,no,no,no,no,no,yes,no,yes,no,yes,no,yes,yes,no,yes,,FEIS 1990+,no,no,no,no,no,no
Juniperus_osteosperma,no,no,no,no,no,yes,yes,no,no,no,no,no,no,no,no,no,,FEIS 1990+,no,no,no,no,no,no
Juniperus_phoenicea,no,no,no,no,no,no,no,yes,no,no,no,no,yes,no,no,no,,Quevedo et al 2007,no,no,no,no,no,no
Juniperus_pingii,no,no,no,no,yes,no,no,no,no,no,yes,no,no,yes,yes,no,,Farjon 2017,no,no,no,no,no,no
Juniperus_polycarpos,no,no,no,no,no,no,yes,no,no,no,no,no,no,no,no,no,,Farjon 2017,no,no,no,no,no,no
Juniperus_procera,no,no,yes,no,yes,no,yes,no,no,no,no,no,no,no,yes,no,,Hall 1984,no,no,no,no,no,no
Juniperus_procumbens,no,no,no,no,no,no,no,no,no,no,yes,no,no,yes,no,no,,Farjon 2017,no,no,no,no,no,no
Juniperus_przewalskii,no,no,no,no,yes,no,no,no,no,no,yes,no,no,yes,yes,no,,Farjon 2017,no,no,no,no,no,no
Juniperus_pseudosabina,no,no,no,no,no,no,yes,no,no,no,yes,no,no,yes,no,no,,Farjon 2017,no,no,no,no,no,no
Juniperus_recurva,no,no,no,no,yes,no,no,no,no,no,yes,no,no,yes,yes,no,,Farjon 2017,no,no,no,no,no,no
Juniperus_rigida,no,no,no,no,yes,no,no,no,no,no,yes,no,no,yes,yes,no,,Farjon 2017,no,no,no,no,no,no
Juniperus_sabina,no,no,no,no,no,yes,yes,yes,no,no,yes,no,yes,yes,no,no,,Farjon 2017,no,no,no,no,no,no
Juniperus_saltillensis,no,no,no,yes,yes,no,yes,no,no,no,no,no,no,no,yes,no,,Farjon 2017,no,no,no,no,no,no
Juniperus_saltuaria,no,no,no,no,yes,no,no,no,no,no,yes,no,no,yes,yes,no,,Farjon 2017,no,no,no,no,no,no
Juniperus_saxicola,no,no,no,no,no,no,no,no,no,yes,no,no,no,no,yes,yes,,Farjon 2017,no,no,no,no,no,no
Juniperus_scopulorum,no,no,no,no,no,no,yes,no,no,no,yes,no,no,yes,no,no,,FEIS 1990+ ,no,no,no,no,no,no
Juniperus_semiglobosa,no,no,no,no,no,no,yes,no,no,no,yes,no,no,yes,no,no,,Farjon 2017,no,no,no,no,no,no
Juniperus_squamata,no,no,no,no,yes,no,no,no,no,no,yes,no,no,yes,yes,no,,Farjon 2017,no,no,no,no,no,no
Juniperus_taxifolia,no,no,no,yes,no,no,no,no,no,no,no,no,no,no,no,no,,Farjon 2017,no,no,no,no,no,no
Juniperus_thurifera,no,no,no,no,no,no,no,yes,no,no,yes,no,yes,yes,no,no,,Farjon 2017,no,no,no,no,no,no
Juniperus_tibetica,no,no,no,no,yes,no,no,no,no,no,yes,no,no,yes,yes,no,,Farjon 2017,no,no,no,no,no,no
Juniperus_virginiana,no,no,no,yes,no,no,no,no,no,no,yes,no,no,yes,no,no,,FEIS 1990+,no,no,no,no,no,no
Keteleeria_davidiana,no,no,no,yes,no,no,no,no,no,no,no,no,no,no,no,no,,Earle 1997+,no,no,no,no,no,no
Keteleeria_evelyniana,no,no,no,yes,yes,no,no,no,no,no,no,no,no,no,yes,no,,Earle 1997+,no,no,no,no,no,no
Keteleeria_fortunei,no,no,no,yes,no,no,no,no,no,no,no,no,no,no,no,no,,Earle 1997+,no,no,no,no,no,no
Lagarostrobos_franklinii,no,no,no,no,no,no,no,no,no,yes,no,no,no,no,yes,yes,,Gibson and Brown 1991,no,no,no,no,no,no
Larix_decidua,no,no,no,no,no,no,no,no,no,no,yes,yes,no,yes,no,no,,Blarquez and Carcaillet 2010,no,no,no,no,no,no
Larix_gmelinii,no,no,no,no,no,no,no,no,no,no,yes,yes,no,yes,no,no,,Wang et al. 2001 Abaimov 1998.,yes,yes,no,no,yes,yes
Larix_griffithii,no,no,no,no,yes,no,no,no,no,no,yes,yes,no,yes,yes,no,,Farjon 2017,no,no,no,no,no,no
Larix_kaempferi,no,no,no,yes,no,no,no,no,no,no,yes,yes,no,yes,no,no,,Earle 1997+,no,no,no,no,no,no
Larix_laricina,no,no,no,no,no,no,no,no,no,no,yes,yes,no,yes,no,no,,FEIS 1990+,no,no,no,no,no,no
Larix_occidentalis,no,no,no,no,no,no,no,no,no,no,yes,no,no,yes,no,no,,FEIS 1990+,yes,no,no,no,yes,no
Larix_potaninii,no,no,no,no,yes,no,no,no,no,no,yes,yes,no,yes,yes,no,,Earle 1997+,no,no,no,no,no,no
Lepidothamnus_fonkii,no,no,no,no,no,no,no,no,no,yes,no,no,no,no,yes,yes,,Farjon 2017,no,no,no,no,no,no
Lepidothamnus_intermedius,no,no,no,no,no,no,no,no,no,yes,no,no,no,no,yes,yes,,Earle 1997+,no,no,no,no,no,no
Lepidothamnus_laxifolius,no,no,no,no,no,no,no,no,no,yes,no,no,no,no,yes,yes,,Farjon 2017,no,no,no,no,no,no
Libocedrus_bidwillii,yes,no,no,no,no,no,no,no,no,yes,no,no,no,no,yes,yes,,Farjon 2017,no,no,no,no,no,no
Libocedrus_plumosa,no,no,no,no,no,no,no,no,no,yes,no,no,no,no,yes,yes,,Farjon 2017,no,no,no,no,no,no
Libocedrus_yateensis,yes,no,no,no,no,no,no,no,no,no,no,no,no,no,yes,no,,Farjon 2017,no,no,no,no,no,no
Manoao_colensoi,yes,no,no,no,no,no,no,no,no,no,no,no,no,no,yes,no,,Earle 1997+,no,no,no,no,no,no
Metasequoia_glyptostroboides,no,no,no,yes,no,no,no,no,no,no,no,no,no,no,no,no,,Farjon 2017,no,no,no,no,no,no
Microbiota_decussata,no,no,no,no,no,no,no,no,no,no,yes,yes,no,yes,no,no,,Earle 1997+;,no,no,no,no,no,no
Microcachrys_tetragona,no,no,no,yes,no,no,no,no,no,no,no,no,no,no,no,no,,Jordan 2019,no,no,no,no,no,no
Nageia_fleuryi,no,no,no,yes,no,no,no,no,no,no,no,no,no,no,no,no,,Earle 1997+,no,no,no,no,no,no
Nageia_formosensis,no,no,no,yes,yes,no,no,no,no,no,no,no,no,no,yes,no,,Earle 1997+,no,no,no,no,no,no
Nageia_motleyi,yes,no,no,no,no,no,no,no,no,no,no,no,no,no,yes,no,,Farjon 2017,no,no,no,no,no,no
Nageia_nagi,no,no,no,yes,no,no,no,no,no,no,no,no,no,no,no,no,,Earle 1997+,no,no,no,no,no,no
Nageia_wallichiana,yes,yes,yes,yes,no,no,no,no,no,yes,no,no,no,no,yes,yes,,Earle 1997+,no,no,no,no,no,no
Neocallitropsis_pancheri,yes,no,no,no,no,no,no,no,no,no,no,no,no,no,yes,no,,Farjon 2017,no,no,no,no,no,no
Nothotsuga_longibracteata,no,no,no,yes,no,no,no,no,no,no,no,no,no,no,no,no,,Farjon 2017,no,no,no,no,no,no
Papuacedrus_papuana,yes,no,no,no,no,no,no,no,no,yes,no,no,no,no,yes,yes,,Farjon 2017,no,no,no,no,no,no
Parasitaxus_usta,yes,no,no,no,no,no,no,no,no,yes,no,no,no,no,yes,yes,,Jaffre 1995,no,no,no,no,no,no
Pherosphaera_fitzgeraldii,no,no,no,no,yes,no,no,no,no,yes,no,no,no,no,yes,yes,,NSW Office of Environment and Heritage. 2020 ,no,no,no,no,no,no
Pherosphaera_hookeriana,no,no,no,no,yes,no,no,no,no,no,no,no,no,no,yes,no,,Worth et el 2018,no,no,no,no,no,no
Phyllocladus_alpinus,no,no,no,no,yes,no,no,no,no,yes,no,no,no,no,yes,yes,,Wardle 1968,no,no,no,no,no,no
Phyllocladus_aspleniifolius,yes,no,no,no,no,no,no,no,no,yes,no,no,no,no,yes,yes,,Fletcher et al 2014,no,no,no,no,no,no
Phyllocladus_hypophyllus,yes,no,no,no,no,no,no,no,no,yes,no,no,no,no,yes,yes,,Sawada et al. 2016,no,no,no,no,no,no
Phyllocladus_toatoa,no,no,no,no,no,no,no,no,no,yes,no,no,no,no,yes,yes,,Farjon 2017,no,no,no,no,no,no
Phyllocladus_trichomanoides,no,no,no,no,yes,no,no,no,no,yes,no,no,no,no,yes,yes,,Farjon 2017,no,no,no,no,no,no
Picea_abies,no,no,no,no,no,no,no,no,no,no,yes,yes,no,yes,no,no,,FEIS 1990+,no,no,no,no,no,no
Picea_alcoquiana,no,no,no,no,no,no,no,no,no,no,yes,no,no,yes,no,no,,Farjon 2017,no,no,no,no,no,no
Picea_asperata,no,no,no,no,yes,no,no,no,no,no,yes,no,no,yes,yes,no,,Farjon 2017,no,no,no,no,no,no
Picea_brachytyla,no,no,no,no,yes,no,no,no,no,no,yes,no,no,yes,yes,no,,Farjon 2017,no,no,no,no,no,no
Picea_breweriana,no,no,no,no,no,no,no,no,yes,no,yes,no,yes,yes,no,yes,,FEIS 1990+,no,no,no,no,no,no
Picea_chihuahuana,no,no,no,no,yes,no,no,no,no,no,no,no,no,no,yes,no,,Farjon 2017,no,no,no,no,no,no
Picea_crassifolia,no,no,no,no,no,no,no,no,no,no,yes,no,no,yes,no,no,,Farjon 2017,no,no,no,no,no,no
Picea_engelmannii,no,no,no,no,no,no,no,no,no,no,yes,yes,no,yes,no,no,,FEIS 1990+,no,no,no,no,no,no
Picea_farreri,no,no,no,no,yes,no,no,no,no,no,yes,no,no,yes,yes,no,,Farjon 2017,no,no,no,no,no,no
Picea_glauca,no,no,no,no,no,no,no,no,no,no,yes,yes,no,yes,no,no,,FEIS 1990+,no,no,no,no,no,no
Picea_glehnii,no,no,no,no,no,no,no,no,no,no,yes,yes,no,yes,no,no,,Farjon 2017,no,no,no,no,no,no
Picea_jezoensis,no,no,no,no,no,no,no,no,no,no,yes,no,no,yes,no,no,,Farjon 2017,no,no,no,no,no,no
Picea_koraiensis,no,no,no,no,no,no,no,no,no,no,yes,no,no,yes,no,no,,Farjon 2017,no,no,no,no,no,no
Picea_koyamae,no,no,no,no,no,no,no,no,no,no,yes,no,no,yes,no,no,,Farjon 2017,no,no,no,no,no,no
Picea_likiangensis,no,no,no,no,yes,no,no,no,no,no,yes,no,no,yes,yes,no,,Farjon 2017,no,no,no,no,no,no
Picea_mariana,no,no,no,no,no,no,no,no,no,no,yes,yes,no,yes,no,no,,FEIS 1990+,no,yes,no,no,yes,no
Picea_martinezii,no,no,no,yes,yes,no,no,no,no,no,no,no,no,no,yes,no,,Earle 1997+,no,no,no,no,no,no
Picea_maximowiczii,no,no,no,no,no,no,no,no,no,no,yes,no,no,yes,no,no,,Farjon 2017,no,no,no,no,no,no
Picea_mexicana,no,no,no,no,yes,no,no,no,no,no,no,no,no,no,yes,no,,Earle 1997+,no,no,no,no,no,no
Picea_meyeri,no,no,no,no,no,no,no,no,no,no,yes,no,no,yes,no,no,,Farjon 2017,no,no,no,no,no,no
Picea_morrisonicola,no,no,no,no,yes,no,no,no,no,no,no,no,no,no,yes,no,,Farjon 2017,no,no,no,no,no,no
Picea_neoveitchii,no,no,no,no,no,no,no,no,no,no,yes,no,no,yes,no,no,,Earle 1997+,no,no,no,no,no,no
Picea_obovata,no,no,no,no,no,no,no,no,no,no,yes,yes,no,yes,no,no,,Farjon 2017,no,no,no,no,no,no
Picea_omorika,no,no,no,no,no,no,no,no,no,no,yes,no,no,yes,no,no,,Farjon 2017,no,no,no,no,no,no
Picea_orientalis,no,no,no,no,no,no,no,no,no,yes,yes,no,no,yes,yes,yes,,Farjon 2017,no,no,no,no,no,no
Picea_pungens,no,no,no,no,no,no,no,no,no,no,yes,yes,no,yes,no,no,,Farjon 2017,no,no,no,no,no,no
Picea_purpurea,no,no,no,no,yes,no,no,no,no,no,yes,no,no,yes,yes,no,,Farjon 2017,no,no,no,no,no,no
Picea_retroflexa,no,no,no,no,yes,no,no,no,no,no,yes,no,no,yes,yes,no,,Farjon 2017,no,no,no,no,no,no
Picea_rubens,no,no,no,no,no,no,no,no,no,no,yes,no,no,yes,no,no,,Farjon 2017,no,no,no,no,no,no
Picea_schrenkiana,no,no,no,no,no,no,no,no,no,no,yes,no,no,yes,no,no,,Farjon 2017,no,no,no,no,no,no
Picea_sitchensis,no,no,no,no,no,no,no,no,yes,yes,no,no,yes,no,yes,yes,,FEIS 1990+,no,no,no,no,no,no
Picea_smithiana,no,no,no,no,yes,no,no,no,no,no,yes,no,no,yes,yes,no,,Farjon 2017,no,no,no,no,no,no
Picea_spinulosa,no,no,no,no,yes,no,no,no,no,no,yes,no,no,yes,yes,no,,Farjon 2017,no,no,no,no,no,no
Picea_torano,no,no,no,no,no,no,no,no,no,no,yes,no,no,yes,no,no,,Farjon 2017,no,no,no,no,no,no
Picea_wilsonii,no,no,no,no,no,no,no,no,no,no,yes,no,no,yes,no,no,,Farjon 2017,no,no,no,no,no,no
Pilgerodendron_uviferum,no,no,no,no,no,no,no,no,yes,yes,no,no,yes,no,yes,yes,,Farjon 2017,no,no,no,no,no,no
Pinus_albicaulis,no,no,no,no,no,no,no,no,no,no,yes,yes,no,yes,no,no,,Stevens et al. 2019,no,no,no,no,no,no
Pinus_amamiana,no,no,no,yes,no,no,no,no,no,no,no,no,no,no,no,no,,Earle 1997+,no,no,no,no,no,no
Pinus_aristata,no,no,no,no,no,no,yes,no,no,no,yes,yes,no,yes,no,no,,FEIS 1990+,no,no,no,no,no,no
Pinus_arizonica,no,no,no,no,no,yes,yes,no,no,no,yes,no,no,yes,no,no,,Rodriguez-Trejo and Fule 2003 ,yes,no,no,no,yes,no
Pinus_armandii,no,no,no,no,yes,no,no,no,no,no,yes,no,no,yes,yes,no,,Earle 1997+,no,no,no,no,no,no
Pinus_attenuata,no,no,no,no,no,no,no,no,no,no,no,no,no,no,no,no,,Rodriguez-Trejo and Fule 2003 ,no,yes,no,no,yes,no
Pinus_ayacahuite,no,no,no,no,yes,no,no,no,no,no,no,no,no,no,yes,no,,Rodriguez-Trejo and Fule 2003 ,yes,no,no,no,yes,no
Pinus_balfouriana,no,no,no,no,no,no,no,no,no,no,yes,no,no,yes,no,no,,FEIS 1990+,no,no,no,no,no,no
Pinus_banksiana,no,no,no,no,no,no,no,no,no,no,yes,yes,no,yes,no,no,,FEIS 1990+ Heinselmann 1996,no,yes,no,no,yes,no
Pinus_bhutanica,no,no,no,no,yes,no,no,no,no,no,yes,no,no,yes,yes,no,,Wakimoto 2010; Earle 1997+ ,no,no,no,no,no,no
Pinus_brutia,no,no,no,no,no,no,no,yes,no,no,no,no,yes,no,no,no,,Tapias et al. 2004; Turck 2011,yes,yes,no,no,yes,yes
Pinus_bungeana,no,no,no,no,no,no,no,no,no,no,yes,no,no,yes,no,no,,Earle 1997+,no,no,no,no,no,no
Pinus_cembra,no,no,no,no,no,no,no,no,no,no,yes,yes,no,yes,no,no,,Earle 1997+,no,no,no,no,no,no
Pinus_cembroides,no,no,no,no,no,yes,yes,no,no,no,no,no,no,no,no,no,,FEIS 1990+,no,no,no,no,no,no
Pinus_chiapensis,no,yes,yes,yes,yes,no,no,no,no,no,no,no,no,no,yes,no,,Perry 1991,yes,no,no,no,yes,no
Pinus_clausa,no,no,no,yes,no,no,no,no,no,no,no,no,no,no,no,no,,FEIS 1990+,no,yes,no,no,yes,no
Pinus_contorta,no,no,no,no,no,no,no,no,no,no,yes,yes,no,yes,no,no,,FEIS 1990+,no,yes,no,no,yes,no
Pinus_cooperi,no,no,no,yes,yes,no,yes,no,no,no,no,no,no,no,yes,no,,Earle 1997+ arizonica,yes,no,no,no,yes,no
Pinus_coulteri,no,no,no,no,no,no,no,yes,yes,no,no,no,yes,no,no,yes,,Rodriguez-Trejo and Fule 2003; FEIS 1990+ ,yes,yes,no,no,yes,yes
Pinus_cubensis,no,yes,yes,no,no,no,no,no,no,no,no,no,no,no,yes,no,,Earle 1997+,yes,no,no,no,yes,no
Pinus_culminicola,no,no,no,no,yes,no,no,no,no,no,no,no,no,no,yes,no,,Perry 1991,no,no,no,no,no,no
Pinus_dabeshanensis,no,no,no,yes,no,no,no,no,no,no,no,no,no,no,no,no,,Earle 1997+,no,no,no,no,no,no
Pinus_dalatensis,no,no,no,no,yes,no,no,no,no,no,no,no,no,no,yes,no,,Earle 1997+,no,no,no,no,no,no
Pinus_densata,no,no,no,no,yes,no,no,no,no,no,yes,no,no,yes,yes,no,,Earle 1997+; Farjon 2017,no,no,no,no,no,no
Pinus_densiflora,no,no,no,yes,no,no,no,no,no,no,yes,no,no,yes,no,no,,Seo and Choung 2014,no,no,no,no,no,no
Pinus_devoniana,no,no,no,yes,yes,no,no,no,no,no,no,no,no,no,yes,no,,Rodriguez-Trejo and Fule 2003 ,yes,no,yes,no,yes,yes
Pinus_discolor,no,no,no,yes,yes,yes,yes,no,no,no,no,no,no,no,yes,no,,Earle 1997+,no,no,no,no,no,no
Pinus_douglasiana,no,no,no,yes,yes,no,no,no,no,no,no,no,no,no,yes,no,,Perry 1991,yes,no,no,no,yes,no
Pinus_durangensis,no,no,no,yes,yes,no,no,no,no,no,no,no,no,no,yes,no,,Perry 1991,yes,no,no,no,yes,no
Pinus_edulis,no,no,no,no,no,yes,yes,no,no,no,no,no,no,no,no,no,,FEIS 1990+,no,no,no,no,no,no
Pinus_engelmannii,no,no,no,no,yes,no,yes,no,no,no,no,no,no,no,yes,no,,Rodriguez-Trejo and Fule 2003 ,yes,no,yes,no,yes,yes
Pinus_fenzeliana,no,no,no,yes,no,no,no,no,no,no,no,no,no,no,no,no,,Farjon 2017,no,no,no,no,no,no
Pinus_flexilis,no,no,no,no,no,no,yes,no,no,no,yes,yes,no,yes,no,no,,FEIS 1990+,no,no,no,no,no,no
Pinus_fragilissima,no,no,no,no,no,no,no,no,no,yes,no,no,no,no,yes,yes,,Businsky 2003 ,yes,no,no,no,yes,no
Pinus_gerardiana,no,no,no,no,no,no,no,no,no,no,yes,yes,no,yes,no,no,,Earle 1997+,no,no,no,no,no,no
Pinus_glabra,no,no,no,yes,no,no,no,no,no,no,no,no,no,no,no,no,,FEIS 1990+,no,no,no,no,no,no
Pinus_greggii,no,no,no,yes,yes,no,no,no,no,no,no,no,no,no,yes,no,,Rodriguez-Trejo and Fule 2003 ,yes,yes,no,no,yes,yes
Pinus_halepensis,no,no,no,no,no,no,no,yes,yes,no,no,no,yes,no,no,yes,,Tapias et al. 2004,no,yes,no,no,yes,no
Pinus_heldreichii,no,no,no,no,no,no,no,no,no,no,yes,yes,no,yes,no,no,,Vasileva and Panayotov 2015,yes,no,no,no,yes,no
Pinus_henryi,no,no,no,yes,no,no,no,no,no,no,yes,no,no,yes,no,no,,Earle 1997+,no,no,no,no,no,no
Pinus_herrerae,no,no,no,yes,yes,no,no,no,no,no,no,no,no,no,yes,no,,Rodriguez-Trejo and Fule 2003 ,yes,no,no,no,yes,no
Pinus_hwangshanensis,no,no,no,yes,no,no,no,no,no,no,no,no,no,no,no,no,,Farjon 2017,no,no,no,no,no,no
Pinus_jaliscana,no,no,no,yes,yes,no,no,no,no,no,no,no,no,no,yes,no,,rodriguez-trejo and fule 2003,yes,yes,no,no,yes,no
Pinus_jeffreyi,no,no,no,no,no,no,no,yes,yes,no,no,yes,yes,yes,no,yes,,FEIS 1990+,yes,no,no,no,yes,no
Pinus_johannis,no,no,no,no,no,yes,no,no,no,no,no,no,no,no,no,no,,Perry 1991,no,no,no,no,no,no
Pinus_kesiya,no,no,no,no,yes,no,no,no,no,no,no,no,no,no,yes,no,,Earle 1997+,yes,no,no,no,yes,no
Pinus_koraiensis,no,no,no,no,no,no,no,no,no,no,yes,yes,no,yes,no,no,,Chun 1994,no,no,no,no,no,no
Pinus_krempfii,no,no,no,no,yes,no,no,no,no,no,no,no,no,no,yes,no,,Earle 1997+,no,no,no,no,no,no
Pinus_kwangtungensis,no,no,no,yes,no,no,no,no,no,no,no,no,no,no,no,no,,Earle 1997+,no,no,no,no,no,no
Pinus_lambertiana,no,no,no,no,no,no,no,no,yes,no,yes,no,yes,yes,no,yes,,FEIS 1990+,yes,no,no,no,yes,no
Pinus_latteri,no,yes,yes,yes,no,no,no,no,no,no,no,no,no,no,yes,no,,Thomas 2019. ,yes,no,yes,no,yes,yes
Pinus_lawsonii,no,no,no,yes,yes,no,no,no,no,no,no,no,no,no,yes,no,,Rodriguez-Trejo and Fule 2003 ,yes,no,no,no,yes,no
Pinus_longaeva,no,no,no,no,no,no,no,no,no,no,no,yes,no,yes,no,no,,FEIS 1990+,no,no,no,no,no,no
Pinus_luchuensis,no,no,no,yes,no,no,no,no,no,no,no,no,no,no,no,no,,na;Earle 1997+,no,no,no,no,no,no
Pinus_luzmariae,no,no,no,yes,yes,no,no,no,no,no,no,no,no,no,yes,no,,Farjon 2017,no,no,no,no,no,no
Pinus_massoniana,no,no,no,yes,no,no,no,no,no,no,no,no,no,no,no,no,,Farjon 2017,yes,no,no,no,yes,no
Pinus_maximartinezii,no,no,no,yes,no,no,no,no,no,no,no,no,no,no,no,no,,Perry 1991,no,no,no,no,no,no
Pinus_maximinoi,no,no,yes,yes,yes,no,no,no,no,no,no,no,no,no,yes,no,,perry 1991,yes,no,no,no,yes,no
Pinus_merkusii,yes,yes,yes,yes,no,no,no,no,no,yes,no,no,no,no,yes,yes,,Koskela et al. 1995,yes,no,yes,no,yes,yes
Pinus_monophylla,no,no,no,no,no,yes,yes,yes,no,no,no,no,yes,no,no,no,,FEIS 1990+,no,no,no,no,no,no
Pinus_montezumae,no,no,no,yes,yes,no,no,no,no,no,no,no,no,no,yes,no,,Rodriguez-Trejo and Fule 2003 ,yes,no,yes,yes,yes,yes
Pinus_monticola,no,no,no,no,no,no,no,no,yes,yes,yes,no,yes,yes,yes,yes,,FEIS 1990+,yes,no,no,no,yes,no
Pinus_morrisonicola,no,no,no,no,no,no,no,no,no,no,no,no,no,no,no,no,,Earle 1997+ 2006,no,no,no,no,no,no
Pinus_mugo,no,no,no,no,no,no,no,no,no,no,yes,yes,no,yes,no,no,,Earle 1997+,no,no,no,no,no,no
Pinus_muricata,no,no,no,no,no,no,no,yes,no,no,no,no,yes,no,no,no,,FEIS 1990+,yes,yes,no,no,yes,yes
Pinus_nelsonii,no,no,no,no,no,no,yes,no,no,no,no,no,no,no,no,no,,Earle 1997+,no,no,no,no,no,no
Pinus_nigra,no,no,no,yes,no,no,no,yes,yes,no,yes,yes,yes,yes,no,yes,,Fernandes et al. 2008,yes,no,no,no,yes,no
Pinus_occidentalis,no,no,yes,no,no,no,no,no,no,yes,no,no,no,no,yes,yes,,Martin and Fahey 2006,yes,no,no,no,yes,no
Pinus_palustris,no,no,no,yes,no,no,no,no,no,no,no,no,no,no,no,no,,FEIS 1990+,yes,no,yes,yes,yes,yes
Pinus_parviflora,no,no,no,yes,yes,no,no,no,no,no,no,no,no,no,yes,no,,Earle 1997+,no,no,no,no,no,no
Pinus_peuce,no,no,no,no,no,no,no,no,no,no,yes,yes,no,yes,no,no,,Fernandes et al. 2008,no,no,no,no,no,no
Pinus_pinaster,no,no,no,no,no,no,no,yes,yes,no,no,no,yes,no,no,yes,,Tapias et al. 2004,yes,yes,no,no,yes,yes
Pinus_pinceana,no,no,no,no,no,yes,yes,no,no,no,no,no,no,no,no,no,,Perry 1991,no,no,no,no,no,no
Pinus_pinea,no,no,no,no,no,no,yes,yes,no,no,no,no,yes,no,no,no,,Tapias et al. 2004,yes,no,no,no,yes,no
Pinus_ponderosa,no,no,no,no,no,no,yes,no,yes,no,yes,no,yes,yes,no,yes,,FEIS 1990+,yes,no,no,no,yes,no
Pinus_praetermissa,no,no,yes,yes,no,no,no,no,no,no,no,no,no,no,no,no,,Rodriguez-Trejo and Fule 2003 ,no,yes,no,no,no,no
Pinus_pumila,no,no,no,no,no,no,no,no,no,no,yes,yes,no,yes,no,no,,Weaver 1994,no,no,no,no,no,no
Pinus_pungens,no,no,no,no,no,no,no,no,no,no,yes,no,no,yes,no,no,,FEIS 1990+,yes,yes,no,no,yes,yes
Pinus_quadrifolia,no,no,no,no,no,yes,yes,yes,no,no,no,no,yes,no,no,no,,FEIS 1990+,no,no,no,no,no,no
Pinus_radiata,no,no,no,no,no,no,no,yes,no,no,no,no,yes,no,no,no,,FEIS 1990+,no,yes,no,no,yes,no
Pinus_remota,no,no,no,no,no,yes,yes,no,no,no,no,no,no,no,no,no,,Perry 1991,no,no,no,no,no,no
Pinus_resinosa,no,no,no,no,no,no,no,no,no,no,yes,yes,no,yes,no,no,,Heinselmann 1996,yes,no,no,no,yes,no
Pinus_roxburghii,no,no,no,yes,no,no,no,no,no,no,yes,no,no,yes,no,no,,Wakimoto 2010; Turck 2015,yes,no,no,yes,yes,yes
Pinus_rzedowskii,no,no,no,yes,yes,no,no,no,no,no,no,no,no,no,yes,no,,Farjon 2017,no,no,no,no,no,no
Pinus_sabiniana,no,no,no,no,no,no,no,no,yes,yes,no,no,yes,no,yes,yes,,FEIS 1990+,yes,no,no,no,yes,no
Pinus_sibirica,no,no,no,no,no,no,no,no,no,no,yes,yes,no,yes,no,no,,Weaver 1994,no,no,no,no,no,no
Pinus_squamata,no,no,no,yes,no,no,no,no,no,no,no,no,no,no,no,no,,Earle 1997+,no,no,no,no,no,no
Pinus_strobiformis,no,no,no,yes,yes,no,yes,no,no,no,yes,no,no,yes,yes,no,,FEIS 1990+,no,no,no,no,no,no
Pinus_strobus,no,no,no,no,no,no,no,no,no,no,yes,yes,no,yes,no,no,,Heinselmann 1996,yes,no,no,no,yes,no
Pinus_sylvestris,no,no,no,no,yes,no,no,no,no,yes,yes,yes,no,yes,yes,yes,,FEIS 1990+,yes,no,no,no,yes,no
Pinus_tabuliformis,no,no,no,yes,yes,no,no,no,no,no,yes,yes,no,yes,yes,no,,Earle 1997+,no,no,no,no,no,no
Pinus_taeda,no,no,no,yes,no,no,no,no,no,no,no,no,no,no,no,no,,FEIS 1990+,yes,no,no,no,yes,no
Pinus_taiwanensis,no,no,no,yes,yes,no,no,no,no,yes,no,no,no,no,yes,yes,,Earle 1997+,no,no,no,no,no,no
Pinus_tecunumanii,no,yes,yes,no,yes,no,no,no,no,no,no,no,no,no,yes,no,,perry 1991,no,yes,no,no,yes,no
Pinus_thunbergii,no,no,no,yes,no,no,no,no,no,no,no,no,no,no,no,no,,Earle 1997+,no,no,no,no,no,no
Pinus_torreyana,no,no,no,no,no,no,no,yes,no,no,no,no,yes,no,no,no,,FEIS 1990+,no,yes,no,no,yes,no
Pinus_uncinata,no,no,no,no,no,no,no,no,no,no,yes,yes,no,yes,no,no,,Earle 1997+,no,no,no,no,no,no
Pinus_virginiana,no,no,no,yes,no,no,no,no,no,no,yes,no,no,yes,no,no,,FEIS 1990+,no,no,no,no,no,no
Pinus_wallichiana,no,no,no,no,yes,no,no,no,no,no,yes,yes,no,yes,yes,no,,Wakimoto 2010,no,no,no,no,no,no
Pinus_wangii,no,no,no,yes,no,no,no,no,no,no,no,no,no,no,no,no,,Earle 1997+,no,no,no,no,no,no
Platycladus_orientalis,no,no,no,yes,no,no,yes,no,no,no,yes,no,no,yes,no,no,,Farjon 2017,no,no,no,no,no,no
Podocarpus_acutifolius,no,no,no,no,no,no,no,no,no,yes,no,no,no,no,yes,yes,,Earle 1997+; Farjon 2017,no,no,no,no,no,no
Podocarpus_affinis,yes,no,no,no,no,no,no,no,no,no,no,no,no,no,yes,no,,Coomes and Bellingham 2011,no,no,no,no,no,no
Podocarpus_angustifolius,yes,yes,no,no,no,no,no,no,no,yes,no,no,no,no,yes,yes,,Coomes and Bellingham 2011,no,no,no,no,no,no
Podocarpus_archboldii,yes,no,no,no,no,no,no,no,no,no,no,no,no,no,yes,no,,Coomes and Bellingham 2011,no,no,no,no,no,no
Podocarpus_bracteatus,yes,no,no,no,no,no,no,no,no,no,no,no,no,no,yes,no,,Coomes and Bellingham 2011,no,no,no,no,no,no
Podocarpus_brasiliensis,yes,yes,yes,no,no,no,no,no,no,no,no,no,no,no,yes,no,,Farjon 2017,no,no,no,no,no,no
Podocarpus_brassii,no,no,no,no,no,no,no,no,no,yes,no,no,no,no,yes,yes,,Coomes and Bellingham 2011,no,no,no,no,no,no
Podocarpus_brevifolius,no,no,no,no,no,no,no,no,no,yes,no,no,no,no,yes,yes,,Coomes and Bellingham 2011,no,no,no,no,no,no
Podocarpus_capuronii,no,no,no,no,yes,no,no,no,no,no,no,no,no,no,yes,no,,Farjon 2017,no,no,no,no,no,no
Podocarpus_celatus,yes,yes,no,no,no,no,no,no,no,no,no,no,no,no,yes,no,,Farjon 2017,no,no,no,no,no,no
Podocarpus_chingianus,no,no,no,yes,no,no,no,no,no,no,no,no,no,no,no,no,,Coomes and Bellingham 2011,no,no,no,no,no,no
Podocarpus_coriaceus,yes,no,no,no,no,no,no,no,no,no,no,no,no,no,yes,no,,Coomes and Bellingham 2011,no,no,no,no,no,no
Podocarpus_costalis,yes,no,no,no,no,no,no,no,no,no,no,no,no,no,yes,no,,Coomes and Bellingham 2011,no,no,no,no,no,no
Podocarpus_costaricensis,yes,no,no,no,no,no,no,no,no,no,no,no,no,no,yes,no,,Coomes and Bellingham 2011,no,no,no,no,no,no
Podocarpus_crassigemmis,no,no,no,no,no,no,no,no,no,yes,no,no,no,no,yes,yes,,Farjon 2017,no,no,no,no,no,no
Podocarpus_cunninghamii,no,no,no,no,no,no,no,no,no,yes,no,no,no,no,yes,yes,,Williams 2010,no,no,no,no,no,no
Podocarpus_decumbens,yes,no,no,no,no,no,no,no,no,no,no,no,no,no,yes,no,,Earle 1997+,no,no,no,no,no,no
Podocarpus_deflexus,yes,no,no,no,no,no,no,no,no,no,no,no,no,no,yes,no,,Farjon 2017,no,no,no,no,no,no
Podocarpus_dispermus,no,yes,no,no,no,no,no,no,no,no,no,no,no,no,yes,no,,Coomes and Bellingham 2011,no,no,no,no,no,no
Podocarpus_ekmanii,yes,yes,no,no,no,no,no,no,no,no,no,no,no,no,yes,no,,Farjon 2017,no,no,no,no,no,no
Podocarpus_elatus,yes,yes,no,no,no,no,no,no,no,no,no,no,no,no,yes,no,,Mellick 2012,yes,no,no,no,yes,no
Podocarpus_fasciculus,yes,no,no,yes,yes,no,no,no,no,no,no,no,no,no,yes,no,,Coomes and Bellingham 2011,no,no,no,no,no,no
Podocarpus_gibbsiae,no,no,no,no,no,no,no,no,no,yes,no,no,no,no,yes,yes,,Farjon 2017,no,no,no,no,no,no
Podocarpus_glaucus,yes,no,no,no,no,no,no,no,no,yes,no,no,no,no,yes,yes,,Earle 1997+,no,no,no,no,no,no
Podocarpus_gnidioides,yes,no,no,no,no,no,no,no,no,yes,no,no,no,no,yes,yes,,Turner and Cernusak 2011,no,no,no,no,no,no
Podocarpus_grayae,yes,no,no,no,no,no,no,no,no,no,no,no,no,no,yes,no,,Coomes and Bellingham 2011,no,no,no,no,no,no
Podocarpus_guatemalensis,yes,no,no,no,no,no,no,no,no,yes,no,no,no,no,yes,yes,,Coomes and Bellingham 2011,no,no,no,no,no,no
Podocarpus_henkelii,no,no,no,no,yes,no,no,no,no,yes,no,no,no,no,yes,yes,,Evard 1986,no,no,no,no,no,no
Podocarpus_hispaniolensis,yes,no,no,no,no,no,no,no,no,yes,no,no,no,no,yes,yes,,Dalling et al.  2011,no,no,no,no,no,no
Podocarpus_insularis,yes,no,no,no,no,no,no,no,no,no,no,no,no,no,yes,no,,Turner and Cernusak 2011,no,no,no,no,no,no
Podocarpus_lambertii,no,no,no,yes,yes,no,no,no,no,yes,no,no,no,no,yes,yes,,Coomes and Bellingham 2011,no,no,no,no,no,no
Podocarpus_latifolius,no,no,no,no,yes,no,yes,yes,no,yes,no,no,yes,no,yes,yes,,Evard 1986,no,no,no,no,no,no
Podocarpus_lawrencei,no,no,no,no,yes,no,no,no,no,no,yes,yes,no,yes,yes,no,,Barker 1991,no,no,no,no,no,no
Podocarpus_ledermannii,yes,no,no,no,no,no,no,no,no,no,no,no,no,no,yes,no,,Farjon 2017,no,no,no,no,no,no
Podocarpus_longifoliolatus,no,no,no,no,no,no,no,no,no,yes,no,no,no,no,yes,yes,,Jaffre 1995,no,no,no,no,no,no
Podocarpus_lucienii,yes,no,no,no,no,no,no,no,no,yes,no,no,no,no,yes,yes,,Jaffre 1995,no,no,no,no,no,no
Podocarpus_macrophyllus,no,no,no,yes,yes,no,no,no,no,no,no,no,no,no,yes,no,,Coomes and Bellingham 2011,no,no,no,no,no,no
Podocarpus_madagascariensis,yes,no,no,no,no,no,no,no,no,no,no,no,no,no,yes,no,,Farjon 2017,no,no,no,no,no,no
Podocarpus_magnifolius,yes,no,no,no,no,no,no,no,no,yes,no,no,no,no,yes,yes,,Farjon 2017,no,no,no,no,no,no
Podocarpus_matudae,no,yes,no,no,yes,no,no,no,no,no,no,no,no,no,yes,no,,Coomes and Bellingham 2011,no,no,no,no,no,no
Podocarpus_milanjianus,no,no,no,yes,yes,no,no,no,yes,no,no,no,yes,no,yes,yes,,Coomes and Bellingham 2011,no,no,no,no,no,no
Podocarpus_nakaii,no,no,no,yes,no,no,no,no,no,no,no,no,no,no,no,no,,Coomes and Bellingham 2011,no,no,no,no,no,no
Podocarpus_neriifolius,yes,yes,no,yes,no,no,no,no,no,yes,no,no,no,no,yes,yes,,Coomes and Bellingham 2011,no,no,no,no,no,no
Podocarpus_nivalis,no,no,no,no,yes,no,no,no,no,no,no,yes,no,yes,yes,no,,Williams 2010,no,no,no,no,no,no
Podocarpus_novae_caledoniae,yes,no,no,no,no,no,no,no,no,no,no,no,no,no,yes,no,,Coomes and Bellingham 2011,no,no,no,no,no,no
Podocarpus_nubigenus,no,no,no,no,no,no,no,no,no,yes,no,no,no,no,yes,yes,,Kitzberger 2016,no,no,no,no,no,no
Podocarpus_oleifolius,yes,yes,no,no,yes,no,no,no,no,yes,no,no,no,no,yes,yes,,Niemann 2008 dissertation book mark,no,no,no,no,no,no
Podocarpus_pallidus,yes,no,no,no,no,no,no,no,no,no,no,no,no,no,yes,no,,Turner and Cernusak 2011,no,no,no,no,no,no
Podocarpus_parlatorei,no,no,no,no,yes,no,no,no,no,no,no,no,no,no,yes,no,,Coomes and Bellingham 2011,no,no,no,no,no,no
Podocarpus_pilgeri,yes,no,no,yes,yes,no,no,no,no,yes,no,no,no,no,yes,yes,,Coomes and Bellingham 2011,no,no,no,no,no,no
Podocarpus_polyspermus,yes,no,no,no,no,no,no,no,no,no,no,no,no,no,yes,no,,Jaffre 1995,no,no,no,no,no,no
Podocarpus_polystachyus,yes,yes,yes,no,no,no,no,no,no,no,no,no,no,no,yes,no,,Coomes and Bellingham 2011,no,no,no,no,no,no
Podocarpus_pseudobracteatus,yes,no,no,no,no,no,no,no,no,yes,no,no,no,no,yes,yes,,Farjon 2017,no,no,no,no,no,no
Podocarpus_purdieanus,yes,no,no,no,no,no,no,no,no,yes,no,no,no,no,yes,yes,,Coomes and Bellingham 2011,no,no,no,no,no,no
Podocarpus_ramosii,yes,no,no,no,no,no,no,no,no,yes,no,no,no,no,yes,yes,,Farjon 2017,no,no,no,no,no,no
Podocarpus_rubens,yes,no,no,no,no,no,no,no,no,yes,no,no,no,no,yes,yes,,Coomes and Bellingham 2011,no,no,no,no,no,no
Podocarpus_rumphii,yes,no,no,no,no,no,no,no,no,no,no,no,no,no,yes,no,,Coomes and Bellingham 2011,no,no,no,no,no,no
Podocarpus_rusbyi,no,no,no,no,yes,no,no,no,no,no,no,no,no,no,yes,no,,Earle 1997+,no,no,no,no,no,no
Podocarpus_salignus,no,no,no,no,no,no,no,no,yes,yes,no,no,yes,no,yes,yes,,Coomes and Bellingham 2011,no,no,no,no,no,no
Podocarpus_salomonensis,yes,no,no,no,no,no,no,no,no,no,no,no,no,no,yes,no,,Coomes and Bellingham 2011,no,no,no,no,no,no
Podocarpus_sellowii,no,yes,yes,yes,yes,no,no,no,no,yes,no,no,no,no,yes,yes,,Coomes and Bellingham 2011,no,no,no,no,no,no
Podocarpus_smithii,yes,yes,no,no,no,no,no,no,no,no,no,no,no,no,yes,no,,Farjon 2017,no,no,no,no,no,no
Podocarpus_spathoides,yes,no,no,no,no,no,no,no,no,no,no,no,no,no,yes,no,,Coomes and Bellingham 2011,no,no,no,no,no,no
Podocarpus_sprucei,no,no,no,no,yes,no,no,no,no,yes,no,no,no,no,yes,yes,,Farjon 2017,no,no,no,no,no,no
Podocarpus_subtropicalis,no,no,no,no,yes,no,no,no,no,no,no,no,no,no,yes,no,,Coomes and Bellingham 2011,no,no,no,no,no,no
Podocarpus_sylvestris,yes,no,no,no,no,no,no,no,no,yes,no,no,no,no,yes,yes,,Jaffre 1995,no,no,no,no,no,no
Podocarpus_teysmannii,yes,no,no,no,no,no,no,no,no,no,no,no,no,no,yes,no,,Farjon 2017,no,no,no,no,no,no
Podocarpus_totara,no,no,no,no,no,no,no,no,no,yes,no,no,no,no,yes,yes,,Teixeira et al 2020; Lawes et al 2014,no,no,no,no,no,no
Podocarpus_transiens,no,no,no,yes,yes,no,no,no,no,no,no,no,no,no,yes,no,,Farjon 2017,no,no,no,no,no,no
Podocarpus_trinitensis,yes,no,no,no,no,no,no,no,no,no,no,no,no,no,yes,no,,Coomes and Bellingham 2011,no,no,no,no,no,no
Podocarpus_urbanii,yes,no,no,no,no,no,no,no,no,yes,no,no,no,no,yes,yes,,Coomes and Bellingham 2011,no,no,no,no,no,no
Prumnopitys_andina,no,no,no,no,no,no,no,no,yes,yes,no,no,yes,no,yes,yes,,Farjon 2017,no,no,no,no,no,no
Prumnopitys_exigua,no,no,no,no,yes,no,no,no,no,no,no,no,no,no,yes,no,,Farjon 2017,no,no,no,no,no,no
Prumnopitys_ferruginea,no,no,no,no,no,no,no,no,no,yes,no,no,no,no,yes,yes,,Farjon 2017,no,no,no,no,no,no
Prumnopitys_ferruginoides,yes,no,no,no,no,no,no,no,no,yes,no,no,no,no,yes,yes,,Jaffre 1995,no,no,no,no,no,no
Prumnopitys_harmsiana,no,no,no,no,yes,no,no,no,no,yes,no,no,no,no,yes,yes,,Farjon 2017,no,no,no,no,no,no
Prumnopitys_ladei,no,yes,no,yes,no,no,no,no,no,no,no,no,no,no,yes,no,,Earle 1997+,no,no,no,no,no,no
Prumnopitys_montana,no,no,no,no,yes,no,no,no,no,yes,no,no,no,no,yes,yes,,Farjon 2017,no,no,no,no,no,no
Prumnopitys_taxifolia,no,no,no,no,no,no,no,no,no,yes,no,no,no,no,yes,yes,,Teixeira et al 2020 ,no,no,no,no,no,no
Pseudolarix_amabilis,no,no,no,yes,no,no,no,no,no,no,no,no,no,no,no,no,,Farjon 2017,no,no,no,no,no,no
Pseudotaxus_chienii,no,no,no,yes,no,no,no,no,no,no,no,no,no,no,no,no,,Farjon 2017,no,no,no,no,no,no
Pseudotsuga_japonica,no,no,no,yes,no,no,no,no,no,no,no,no,no,no,no,no,,Farjon 2017,no,no,no,no,no,no
Pseudotsuga_menziesii,no,no,no,no,yes,no,yes,no,yes,yes,yes,yes,yes,yes,yes,yes,,FEIS 1990+,yes,no,no,no,yes,no
Pseudotsuga_sinensis,no,no,no,yes,yes,no,no,no,no,no,no,no,no,no,yes,no,,Farjon 2017,no,no,no,no,no,no
Retrophyllum_comptonii,yes,no,no,no,no,no,no,no,no,yes,no,no,no,no,yes,yes,,Jaffre 1995,no,no,no,no,no,no
Retrophyllum_minus,yes,no,no,no,no,no,no,no,no,no,no,no,no,no,yes,no,,Farjon 2017,no,no,no,no,no,no
Retrophyllum_piresii,yes,no,no,no,no,no,no,no,no,no,no,no,no,no,yes,no,,Farjon 2017,no,no,no,no,no,no
Retrophyllum_rospigliosii,yes,no,no,no,yes,no,no,no,no,yes,no,no,no,no,yes,yes,,Earle 1997+,no,no,no,no,no,no
Retrophyllum_vitiense,yes,no,no,no,no,no,no,no,no,no,no,no,no,no,yes,no,,Earle 1997+,no,no,no,no,no,no
Saxegothaea_conspicua,no,no,no,no,no,no,no,no,yes,yes,no,no,yes,no,yes,yes,,Kitzberger 2016,no,no,no,no,no,no
Sciadopitys_verticillata,no,no,no,yes,no,no,no,no,no,no,yes,no,no,yes,no,no,,Earle 1997+;,no,no,no,no,no,no
Sequoiadendron_giganteum,no,no,no,no,no,no,no,no,yes,no,yes,no,yes,yes,no,yes,,FEIS 1990+,yes,yes,no,no,yes,yes
Sundacarpus_amarus,yes,no,no,no,no,no,no,no,no,yes,no,no,no,no,yes,yes,,Farjon 2017,no,no,no,no,no,no
Taiwania_cryptomerioides,no,no,no,yes,yes,no,no,no,no,no,no,no,no,no,yes,no,,oFarjon 2017,no,no,no,no,no,no
Taxus_baccata,no,no,no,no,no,no,no,no,no,yes,yes,no,no,yes,yes,yes,,Earle 1997+,no,no,no,no,no,no
Taxus_brevifolia,no,no,no,no,no,no,no,no,yes,yes,yes,no,yes,yes,yes,yes,,FEIS 1990+,no,no,no,no,no,no
Taxus_canadensis,no,no,no,no,no,no,no,no,no,no,yes,yes,no,yes,no,no,,FEIS 1990+,no,no,no,no,no,no
Taxus_contorta,no,no,no,no,yes,no,no,no,no,no,yes,no,no,yes,yes,no,,Farjon 2017,no,no,no,no,no,no
Taxus_cuspidata,no,no,no,no,no,no,no,no,no,no,yes,yes,no,yes,no,no,,Farjon 2017,no,no,no,no,no,no
Taxus_floridana,no,no,no,yes,no,no,no,no,no,no,no,no,no,no,no,no,,FEIS 1990+,no,no,no,no,no,no
Taxus_globosa,no,no,no,yes,yes,no,no,no,no,yes,no,no,no,no,yes,yes,,Earle 1997+,no,no,no,no,no,no
Taxus_mairei,no,no,no,yes,no,no,no,no,no,yes,yes,no,no,yes,yes,yes,,Farjon 2017,no,no,no,no,no,no
Taxus_wallichiana,no,no,no,no,yes,no,no,no,no,no,yes,no,no,yes,yes,no,,Earle 1997+,no,no,no,no,no,no
Thuja_koraiensis,no,no,no,no,no,no,no,no,no,no,yes,no,no,yes,no,no,,Farjon 2017,no,no,no,no,no,no
Thuja_occidentalis,no,no,no,no,no,no,no,no,no,no,yes,no,no,yes,no,no,,FEIS 1990+,no,no,no,no,no,no
Thuja_plicata,no,no,no,no,no,no,no,no,yes,yes,yes,no,yes,yes,yes,yes,,FEIS 1990+,no,no,no,no,no,no
Thuja_standishii,no,no,no,yes,no,no,no,no,no,no,yes,no,no,yes,no,no,,Farjon 2017,no,no,no,no,no,no
Thujopsis_dolabrata,no,no,no,yes,no,no,no,no,no,no,yes,no,no,yes,no,no,,Farjon 2017,no,no,no,no,no,no
Torreya_fargesii,no,no,no,yes,yes,no,no,no,no,no,yes,no,no,yes,yes,no,,Farjon 2017,no,no,no,no,no,no
Torreya_grandis,no,no,no,yes,no,no,no,no,no,no,no,no,no,no,no,no,,Farjon 2017,no,no,no,no,no,no
Torreya_jackii,no,no,no,yes,no,no,no,no,no,no,no,no,no,no,no,no,,Farjon 2017,no,no,no,no,no,no
Torreya_nucifera,no,no,no,yes,no,no,no,no,no,no,yes,no,no,yes,no,no,,Farjon 2017,no,no,no,no,no,no
Torreya_taxifolia,no,no,no,yes,no,no,no,no,no,no,no,no,no,no,no,no,CR endangered,Botany,no,no,no,no,no,no
Tsuga_canadensis,no,no,no,no,no,no,no,no,no,no,yes,no,no,yes,no,no,,FEIS 1990+,no,no,no,no,no,no
Tsuga_caroliniana,no,no,no,no,no,no,no,no,no,no,yes,no,no,yes,no,no,,FEIS 1990+,no,no,no,no,no,no
Tsuga_chinensis,no,no,no,yes,yes,no,no,no,no,no,yes,no,no,yes,yes,no,,Farjon 2017,no,no,no,no,no,no
Tsuga_diversifolia,no,no,no,yes,no,no,no,no,no,no,yes,no,no,yes,no,no,,Farjon 2017,no,no,no,no,no,no
Tsuga_dumosa,no,no,no,no,yes,no,no,no,no,no,yes,no,no,yes,yes,no,,Farjon 2017,no,no,no,no,no,no
Tsuga_forrestii,no,no,no,no,yes,no,no,no,no,no,yes,no,no,yes,yes,no,,Farjon 2017,no,no,no,no,no,no
Tsuga_heterophylla,no,no,no,no,no,no,no,no,yes,yes,yes,no,yes,yes,yes,yes,,FEIS 1990+,no,no,no,no,no,no
Tsuga_mertensiana,no,no,no,no,yes,no,no,no,no,yes,yes,yes,no,yes,yes,yes,,FEIS 1990+,no,no,no,no,no,no
Tsuga_sieboldii,no,no,no,yes,no,no,no,no,no,no,yes,no,no,yes,no,no,,Farjon 2017,no,no,no,no,no,no
Widdringtonia_cedarbergensis,no,no,no,no,no,no,no,no,yes,no,no,no,yes,no,no,yes,,Farjon 2017; Ladd 2013,no,yes,no,no,yes,no
Widdringtonia_schwarzii,no,no,no,no,no,no,yes,no,yes,yes,no,no,yes,no,yes,yes,,Farjon 2017; Ladd 2013,no,yes,no,no,yes,no
Widdringtonia_whytei,no,no,no,no,yes,no,no,no,no,no,no,no,no,no,yes,no,,Pauw and Linder 1996,no,no,no,no,no,no
Xanthocyparis_nootkatensis,no,no,no,no,yes,no,no,no,no,no,yes,yes,no,yes,yes,no,,FEIS 1990+,no,no,no,no,no,no
Xanthocyparis_vietnamensis,no,no,no,no,yes,no,no,no,no,no,no,no,no,no,yes,no,,Farjon 2017,no,no,no,no,no,no
Actinostrobus_acuminatus,no,no,no,no,no,no,no,yes,no,no,no,no,yes,no,no,no,,Ladd et al. 2013,no,yes,no,yes,yes,no
Halocarpus_bidwillii,no,no,no,no,no,no,no,no,no,no,yes,no,no,yes,no,no,,McGlone et al. 2017,yes,no,no,yes,yes,no
Juniperus_coahuilensis,no,no,no,yes,no,yes,yes,yes,no,no,no,no,yes,no,no,no,,FEIS 1990+; Earle 1999+,no,no,no,yes,yes,no
Juniperus_deppeana,no,no,no,yes,yes,yes,yes,no,no,no,no,no,no,no,yes,no,,FEIS 1990+,yes,no,no,yes,yes,no
Juniperus_oxycedrus,no,no,no,no,no,no,no,yes,yes,no,yes,no,yes,yes,no,yes,,Quevedo et al 2007,no,no,no,yes,yes,no
Juniperus_pinchotii,no,no,no,yes,no,yes,yes,no,no,no,no,no,no,no,no,no,,FEIS 1990+; Farjon 2017,no,no,no,yes,yes,no
Pinus_canariensis,no,no,no,no,no,no,no,yes,no,no,no,no,yes,no,no,no,,Climent et al. 2004,yes,yes,no,yes,yes,yes
Pinus_caribaea,no,yes,yes,no,no,no,no,no,no,no,no,no,no,no,yes,no,,rodriguez-trejo and fule 2003,yes,no,no,yes,yes,yes
Pinus_echinata,no,no,no,yes,no,no,no,no,no,no,yes,no,no,yes,no,no,,FEIS 1990+,yes,no,no,yes,yes,yes
Pinus_elliottii,no,no,no,yes,no,no,no,no,no,no,no,no,no,no,no,no,,FEIS 1990+; Meyers and Rodriguez Trejo CH 20,yes,no,yes,yes,yes,yes
Pinus_hartwegii,no,no,no,yes,yes,no,no,no,no,no,no,no,no,no,yes,no,,Rodriguez-Trejo and Fule 2003 ,yes,no,yes,yes,yes,yes
Pinus_leiophylla,no,no,no,yes,yes,no,no,no,no,no,no,no,no,no,yes,no,,Rodriguez-Trejo and Fule 2003 ,yes,yes,no,yes,yes,yes
Pinus_lumholtzii,no,no,no,yes,yes,no,no,no,no,no,no,no,no,no,yes,no,,Perry 1991,yes,no,no,yes,yes,yes
Pinus_oocarpa,no,no,no,yes,yes,no,no,no,no,no,no,no,no,no,yes,no,,Rodriguez-Trejo and Fule 2003: Ch 20 Tropic,yes,yes,no,yes,yes,yes
Pinus_patula,no,no,no,yes,yes,no,no,no,no,no,no,no,no,no,yes,no,,Rodriguez-Trejo and Fule 2003 ,yes,yes,no,yes,yes,yes
Pinus_pringlei,no,no,yes,yes,no,no,no,no,no,no,no,no,no,no,no,no,,Rodriguez-Trejo and Fule 2003 ,yes,yes,no,yes,yes,no
Pinus_pseudostrobus,no,no,no,yes,yes,no,no,no,no,no,no,no,no,no,yes,no,,Rodriguez-Trejo and Fule 2003 ,yes,yes,no,yes,yes,yes
Pinus_rigida,no,no,no,no,no,no,no,no,no,no,yes,no,no,yes,no,no,,FEIS 1990+,yes,yes,no,yes,yes,yes
Pinus_serotina,no,no,no,yes,no,no,no,no,no,no,no,no,no,no,no,no,,FEIS 1990+,no,yes,no,yes,yes,yes
Pinus_teocote,no,no,no,yes,yes,no,no,no,no,no,no,no,no,no,yes,no,,Rodriguez-Trejo and Fule 2003 ,yes,yes,no,yes,yes,yes
Pinus_tropicalis,no,yes,yes,no,no,no,no,no,no,no,no,no,no,no,yes,no,,Meyers and Rodriguez Trejo CH 20,yes,no,yes,yes,yes,yes
Pinus_yunnanensis,no,no,no,yes,yes,no,no,no,no,no,no,no,no,no,yes,no,,Pausas et al. 2021,no,yes,no,yes,yes,no
Podocarpus_drouynianus,no,no,no,no,no,no,no,yes,yes,no,no,no,yes,no,no,yes,,Ladd and Enright 2011,no,no,no,yes,yes,no
Podocarpus_elongatus,no,yes,yes,yes,no,no,no,no,no,no,no,no,no,no,yes,no,,Chalwell and Ladd 2005,no,no,no,yes,yes,no
Podocarpus_spinulosus,no,no,no,yes,no,no,no,no,no,yes,no,no,no,no,yes,yes,,Ladd and Enright 2010,no,no,no,yes,yes,no
Pseudotsuga_macrocarpa,no,no,no,no,no,no,no,yes,yes,no,no,no,yes,no,no,yes,,FEIS 1990+,yes,no,no,yes,yes,yes
Sequoia_sempervirens,no,no,no,no,no,no,no,no,yes,no,no,no,yes,no,no,yes,,FEIS 1990+,yes,no,no,yes,yes,yes
Taxodium_distichum,yes,yes,yes,yes,no,no,no,no,no,no,yes,no,no,yes,yes,no,,FEIS 1990+; Watts 2019,no,no,no,yes,yes,no
Taxodium_mucronatum,no,no,yes,yes,yes,no,yes,no,no,no,no,no,no,no,yes,no,moist,FEIS 1990+; Watts 2020,no,no,no,yes,yes,no
Tetraclinis_articulata,no,no,no,no,no,no,no,yes,yes,no,no,no,yes,no,no,yes,,Moya Perez and Esteve-Selma 2017,no,no,no,yes,yes,no
Torreya_californica,no,no,no,no,no,no,no,no,yes,no,yes,no,yes,yes,no,yes,?,FEIS 1990+,no,no,no,yes,yes,no
Widdringtonia_nodiflora,no,no,no,yes,yes,no,yes,no,yes,yes,no,no,yes,no,yes,yes,,Farjon 2017; Ladd 2013,no,yes,no,yes,yes,yes
Wollemia_nobilis,no,no,no,yes,no,no,no,no,no,yes,no,no,no,no,yes,yes,fire refugia; not accurate,"Zimmer et al 2015; Department of Environment and Conservation (NSW), 2006",no,no,no,yes,yes,no