Species_pee,Bark,Ser,Grass,Resprout,Pyrophillic,More_than_one_adaptation,Citation
Pinus_canariensis,1,1,0,1,1,1,Climent et al. 2004
Pinus_elliottii,1,0,1,1,1,1,FEIS 1990+; Meyers and Rodriguez Trejo CH 20
Pinus_hartwegii,1,0,1,1,1,1,Rodriguez-Trejo and Fule 2003 
Pinus_leiophylla,1,1,0,1,1,1,Rodriguez-Trejo and Fule 2003 
Pinus_oocarpa,1,1,0,1,1,1,Rodriguez-Trejo and Fule 2003: Ch 20 Tropic
Pinus_patula,1,1,0,1,1,1,Rodriguez-Trejo and Fule 2003 
Pinus_pringlei,1,1,0,1,1,1,Rodriguez-Trejo and Fule 2003 
Pinus_pseudostrobus,1,1,0,1,1,1,Rodriguez-Trejo and Fule 2003 
Pinus_rigida,1,1,0,1,1,1,FEIS 1990+
Pinus_teocote,1,1,0,1,1,1,Rodriguez-Trejo and Fule 2003 
Pinus_tropicalis,1,0,1,1,1,1,Meyers and Rodriguez Trejo CH 20
Actinostrobus_acuminatus,0,1,0,1,1,1,Ladd et al. 2013
Halocarpus_bidwillii,1,0,0,1,1,1,McGlone et al. 2017
Juniperus_deppeana,1,0,0,1,1,1,FEIS 1990+
Pinus_brutia,1,1,0,0,1,1,Tapias et al. 2004; Turck 2011
Pinus_caribaea,1,0,0,1,1,1,rodriguez-trejo and fule 2003
Pinus_coulteri,1,1,0,0,1,1,Rodriguez-Trejo and Fule 2003; FEIS 1990+ 
Pinus_devoniana,1,0,1,0,1,1,Rodriguez-Trejo and Fule 2003 
Pinus_echinata,1,0,0,1,1,1,FEIS 1990+
Pinus_engelmannii,1,0,1,0,1,1,Rodriguez-Trejo and Fule 2003 
Pinus_greggii,1,1,0,0,1,1,Rodriguez-Trejo and Fule 2003 
Pinus_jaliscana,1,1,0,0,1,1,rodriguez-trejo and fule 2003
Pinus_latteri,1,0,1,0,1,1,Thomas 2019. 
Pinus_lumholtzii,1,0,0,1,1,1,Perry 1991
Pinus_merkusii,1,0,1,0,1,1,Koskela et al. 1995
Pinus_montezumae,1,0,1,0,1,1,Rodriguez-Trejo and Fule 2003 
Pinus_muricata,1,1,0,0,1,1,FEIS 1990+
Pinus_palustris,1,0,1,0,1,1,FEIS 1990+
Pinus_pinaster,1,1,0,0,1,1,Tapias et al. 2004
Pinus_pungens,1,1,0,0,1,1,FEIS 1990+
Pinus_serotina,0,1,0,1,1,1,FEIS 1990+
Pinus_yunnanensis,0,1,0,1,1,1,Pausas et al. 2021
Pseudotsuga_macrocarpa,1,0,0,1,1,1,FEIS 1990+
Sequoia_sempervirens,1,0,0,1,1,1,FEIS 1990+
Sequoiadendron_giganteum,1,1,0,0,1,1,FEIS 1990+
Widdringtonia_nodiflora,0,1,0,1,1,1,Farjon 2017; Ladd 2013
Abies_magnifica,1,0,0,0,1,0,FEIS 1990+
Actinostrobus_arenarius,0,1,0,0,1,0,Ladd et al. 2013
Actinostrobus_pyramidalis,0,1,0,0,1,0,Ladd et al. 2013
Agathis_ovata,1,0,0,0,1,0,Enright and Goldblum 1998
Araucaria_angustifolia,1,0,0,0,1,0,Ntima 1968
Araucaria_araucana,1,0,0,0,1,0,Veblen 1982
Araucaria_bidwillii,1,0,0,0,1,0,Huth and Holzworth 2005
Araucaria_laubenfelsii,1,0,0,0,1,0,Rigg 2005
Araucaria_montana,1,0,0,0,1,0,Rigg 2005
Callitris_canescens,0,1,0,0,1,0,Ladd et al 2013
Callitris_drummondii,0,1,0,0,1,0,Ladd et al 2013
Callitris_macleayana,0,1,0,0,1,0,Ladd et al 2013
Callitris_muelleri,0,1,0,0,1,0,Ladd et al 2013
Callitris_preissii,0,1,0,0,1,0,Ladd et al 2013
Callitris_rhomboidea,0,1,0,0,1,0,Ladd et al 2013
Callitris_verrucosa,0,1,0,0,1,0,Ladd et al 2013
Calocedrus_decurrens,1,0,0,0,1,0,FEIS 1990+
Cedrus_atlantica,1,0,0,0,1,0,Slimani et al. 2014
Chamaecyparis_lawsoniana,1,0,0,0,1,0,FEIS 1990+
Cupressus_sempervirens,0,1,0,0,1,0,Earle 1997+;
Dacrycarpus_compactus,1,0,0,0,1,0,corlet 1987; Earle 1997+
Fitzroya_cupressoides,1,0,0,0,1,0,Veblen et al 2006 
Hesperocyparis_abramsiana,0,1,0,0,1,0,FEIS 1990+ Goveana
Hesperocyparis_arizonica,0,1,0,0,1,0,FEIS 1990+
Hesperocyparis_bakeri,0,1,0,0,1,0,FEIS 1990+
Hesperocyparis_benthamii,0,1,0,0,1,0,FEIS 1990+
Hesperocyparis_forbesii,0,1,0,0,1,0,FEIS 1990+
Hesperocyparis_glabra,0,1,0,0,1,0,FEIS 1990+
Hesperocyparis_goveniana,0,1,0,0,1,0,FEIS 1990+
Hesperocyparis_guadalupensis,0,1,0,0,1,0,FEIS 1990+
Hesperocyparis_lusitanica,0,1,0,0,1,0,FEIS 1990+
Hesperocyparis_macnabiana,0,1,0,0,1,0,FEIS 1990+
Hesperocyparis_macrocarpa,0,1,0,0,1,0,FEIS 1990+
Hesperocyparis_montana,0,1,0,0,1,0,FEIS 1990+
Hesperocyparis_nevadensis,0,1,0,0,1,0,FEIS 1990+
Hesperocyparis_sargentii,0,1,0,0,1,0,FEIS 1990+
Hesperocyparis_stephensonii,0,1,0,0,1,0,FEIS 1990+
Juniperus_oxycedrus,0,0,0,1,1,0,Quevedo et al 2007
Juniperus_pinchotii,0,0,0,1,1,0,FEIS 1990+; Farjon 2017
Larix_gmelinii,1,0,0,0,1,0,Wang et al. 2001 Abaimov 1998.
Larix_occidentalis,1,0,0,0,1,0,FEIS 1990+
Picea_mariana,0,1,0,0,1,0,FEIS 1990+
Pinus_arizonica,1,0,0,0,1,0,Rodriguez-Trejo and Fule 2003 
Pinus_attenuata,0,1,0,0,1,0,Rodriguez-Trejo and Fule 2003 
Pinus_ayacahuite,1,0,0,0,1,0,Rodriguez-Trejo and Fule 2003 
Pinus_banksiana,0,1,0,0,1,0,FEIS 1990+ 1990
Pinus_chiapensis,1,0,0,0,1,0,Perry 1991
Pinus_clausa,0,1,0,0,1,0,FEIS 1990+
Pinus_contorta,0,1,0,0,1,0,FEIS 1990+
Pinus_cooperi,1,0,0,0,1,0,Earle 1997+ arizonica
Pinus_cubensis,1,0,0,0,1,0,Earle 1997+
Pinus_douglasiana,1,0,0,0,1,0,Perry 1991
Pinus_durangensis,1,0,0,0,1,0,Perry 1991
Pinus_fragilissima,1,0,0,0,1,0,Businsky 2003 
Pinus_halepensis,0,1,0,0,1,0,Tapias et al. 2004
Pinus_heldreichii,1,0,0,0,1,0,Vasileva and Panayotov 2015
Pinus_herrerae,1,0,0,0,1,0,Rodriguez-Trejo and Fule 2003 
Pinus_jeffreyi,1,0,0,0,1,0,FEIS 1990+
Pinus_kesiya,1,0,0,0,1,0,Earle 1997+
Pinus_lambertiana,1,0,0,0,1,0,FEIS 1990+
Pinus_lawsonii,1,0,0,0,1,0,Rodriguez-Trejo and Fule 2003 
Pinus_massoniana,1,0,0,0,1,0,Farjon 2017
Pinus_maximinoi,1,0,0,0,1,0,perry 1991
Pinus_monticola,1,0,0,0,1,0,FEIS 1990+
Pinus_nigra,1,0,0,0,1,0,Fernandes et al. 2008
Pinus_occidentalis,1,0,0,0,1,0,Martin and Fahey 2006
Pinus_pinea,1,0,0,0,1,0,Tapias et al. 2004
Pinus_ponderosa,1,0,0,0,1,0,FEIS 1990+
Pinus_praetermissa,0,1,0,0,1,0,Rodriguez-Trejo and Fule 2003 
Pinus_radiata,0,1,0,0,1,0,FEIS 1990+
Pinus_resinosa,1,0,0,0,1,0,Heinselmann 1996
Pinus_roxburghii,1,0,0,0,1,0,Wakimoto 2010; Turck 2015
Pinus_sabiniana,1,0,0,0,1,0,FEIS 1990+
Pinus_strobus,1,0,0,0,1,0,Heinselmann 1996
Pinus_sylvestris,1,0,0,0,1,0,FEIS 1990+
Pinus_taeda,1,0,0,0,1,0,FEIS 1990+
Pinus_tecunumanii,0,1,0,0,1,0,perry 1991
Pinus_torreyana,0,1,0,0,1,0,FEIS 1990+
Podocarpus_drouynianus,0,0,0,1,1,0,Ladd and Enright 2011
Podocarpus_elatus,1,0,0,0,1,0,Mellick 2012
Podocarpus_elongatus,0,0,0,1,1,0,Chalwell and Ladd 2005
Podocarpus_spinulosus,0,0,0,1,1,0,Ladd and Enright 2010
Pseudotsuga_menziesii,1,0,0,0,1,0,FEIS 1990+
Taxodium_distichum,0,0,0,1,1,0,FEIS 1990+; Watts 2019
Taxodium_mucronatum,0,0,0,1,1,0,FEIS 1990+; Watts 2020
Tetraclinis_articulata,0,0,0,1,1,0,Moya Perez and Esteve-Selma 2017
Torreya_californica,0,0,0,1,1,0,FEIS 1990+
Widdringtonia_cedarbergensis,0,1,0,0,1,0,Farjon 2017; Ladd 2013
Widdringtonia_schwarzii,0,1,0,0,1,0,Farjon 2017; Ladd 2013
Wollemia_nobilis,0,0,0,1,1,0,"Zimmer et al 2015; Department of Environment and Conservation (NSW), 2006"
Juniperus_coahuilensis,0,0,0,1,1,0,FEIS 1990+
Abies_alba,0,0,0,0,0,0,Farjon 2017
Abies_amabilis,0,0,0,0,0,0,FEIS 1990+
Abies_balsamea,0,0,0,0,0,0,FEIS 1990+ 
Abies_beshanzuensis,0,0,0,0,0,0,Earle 1997+
Abies_bifolia,0,0,0,0,0,0,Farjon 2017 lasiocarpa
Abies_borisii_regis,0,0,0,0,0,0,Earle 1997+
Abies_bracteata,0,0,0,0,0,0,Farjon 2017
Abies_cephalonica,0,0,0,0,0,0,Earle 1997+
Abies_chengii,0,0,0,0,0,0,Earle 1997+ forrestii
Abies_chensiensis,0,0,0,0,0,0,Earle 1997+
Abies_cilicica,0,0,0,0,0,0,Earle 1997+
Abies_concolor,0,0,0,0,0,0,FEIS 1990+
Abies_delavayi,0,0,0,0,0,0,Earle 1997+
Abies_densa,0,0,0,0,0,0,Earle 1997+
Abies_durangensis,0,0,0,0,0,0,Earle 1997+; Farjon 2017
Abies_ernestii,0,0,0,0,0,0,Earle 1997+ recurvata
Abies_fabri,0,0,0,0,0,0,Farjon 2017
Abies_fanjingshanensis,0,0,0,0,0,0,Earle 1997+
Abies_fansipanensis,0,0,0,0,0,0,Farjon 2017
Abies_fargesii,0,0,0,0,0,0,Farjon 2017
Abies_ferreana,0,0,0,0,0,0,Earle 1997+
Abies_firma,0,0,0,0,0,0,Farjon 2017
Abies_flinckii,0,0,0,0,0,0,Earle 1997+ guatemalensis
Abies_forrestii,0,0,0,0,0,0,Earle 1997+
Abies_fraseri,0,0,0,0,0,0,Farjon 2017
Abies_georgei,0,0,0,0,0,0,Farjon 2017 forrestii
Abies_grandis,0,0,0,0,0,0,FEIS 1990+
Abies_guatemalensis,0,0,0,0,0,0,Earle 1997+; Farjon 2017
Abies_hickelii,0,0,0,0,0,0,Earle 1997+; Farjon 2017
Abies_hidalgensis,0,0,0,0,0,0,Earle 1997+; Farjon 2017
Abies_holophylla,0,0,0,0,0,0,Farjon 2017
Abies_homolepis,0,0,0,0,0,0,Farjon 2017
Abies_kawakamii,0,0,0,0,0,0,Farjon 2017
Abies_koreana,0,0,0,0,0,0,Farjon 2017
Abies_lasiocarpa,0,0,0,0,0,0,FEIS 1990+
Abies_mariesii,0,0,0,0,0,0,Farjon 2017
Abies_nebrodensis,0,0,0,0,0,0,Farjon 2017
Abies_nephrolepis,0,0,0,0,0,0,Farjon 2017
Abies_nordmanniana,0,0,0,0,0,0,Farjon 2017
Abies_nukiangensis,0,0,0,0,0,0,Farjon 2017 delayvi
Abies_numidica,0,0,0,0,0,0,Farjon 2017
Abies_pindrow,0,0,0,0,0,0,Earle 1997+
Abies_pinsapo,0,0,0,0,0,0,Farjon 2017
Abies_procera,0,0,0,0,0,0,FEIS 1990+
Abies_recurvata,0,0,0,0,0,0,Earle 1997+
Abies_religiosa,0,0,0,0,0,0,Earle 1997+; Farjon 2017
Abies_sachalinensis,0,0,0,0,0,0,Farjon 2017
Abies_sibirica,0,0,0,0,0,0,Farjon 2017
Abies_spectabilis,0,0,0,0,0,0,Earle 1997+
Abies_squamata,0,0,0,0,0,0,Earle 1997+
Abies_veitchii,0,0,0,0,0,0,Farjon 2017
Abies_vejarii,0,0,0,0,0,0,Earle 1997+; Farjon 2017
Abies_yuanbaoshanensis,0,0,0,0,0,0,Farjon 2017
Abies_ziyuanensis,0,0,0,0,0,0,Earle 1997+
Acmopyle_pancheri,0,0,0,0,0,0,Jaffre 1995
Acmopyle_sahniana,0,0,0,0,0,0,Enright and Jaffre 2011 
Afrocarpus_dawei,0,0,0,0,0,0,Farjon 2017
Afrocarpus_falcatus,0,0,0,0,0,0,Farjon 2017
Afrocarpus_gracilior,0,0,0,0,0,0,Farjon 2017
Afrocarpus_mannii,0,0,0,0,0,0,Farjon 2017
Afrocarpus_usambarensis,0,0,0,0,0,0,Farjon 2017
Agathis_atropurpurea,0,0,0,0,0,0,Farjon 2017
Agathis_australis,0,0,0,0,0,0,Teixeira et al 2020 ; Lawes et al 2014
Agathis_borneensis,0,0,0,0,0,0,Farjon 2017
Agathis_corbassonii,0,0,0,0,0,0,Jaffre 1995
Agathis_dammara,0,0,0,0,0,0,Farjon 2017
Agathis_labillardierei,0,0,0,0,0,0,Farjon 2017
Agathis_lanceolata,0,0,0,0,0,0,Jaffre 1995
Agathis_macrophylla,0,0,0,0,0,0,Thomson 2006
Agathis_microstachya,0,0,0,0,0,0,Farjon 2017
Agathis_montana,0,0,0,0,0,0,Jaffre 1995
Agathis_moorei,0,0,0,0,0,0,Jaffre 1995
Agathis_philippinensis,0,0,0,0,0,0,Farjon 2017 dammara
Agathis_robusta,0,0,0,0,0,0,Farjon 2017
Agathis_silbae,0,0,0,0,0,0,Farjon 2017
Agathis_vitiensis,0,0,0,0,0,0,Ash 1985. 
Amentotaxus_argotaenia,0,0,0,0,0,0,Farjon 2017
Amentotaxus_formosana,0,0,0,0,0,0,Farjon 2017
Amentotaxus_poilanei,0,0,0,0,0,0,Farjon 2017
Amentotaxus_yunnanensis,0,0,0,0,0,0,Farjon 2017
Araucaria_bernieri,0,0,0,0,0,0,Jaffre 1995
Araucaria_biramulata,0,0,0,0,0,0,Jaffre 1995
Araucaria_columnaris,0,0,0,0,0,0,Jaffre 1995
Araucaria_cunninghamii,0,0,0,0,0,0,Ntima 1968
Araucaria_heterophylla,0,0,0,0,0,0,Earle 1997+
Araucaria_humboldtensis,0,0,0,0,0,0,Thomas et al. 2019
Araucaria_hunsteinii,0,0,0,0,0,0,Ntima 1968 
Araucaria_luxurians,0,0,0,0,0,0,Farjon 2017
Araucaria_muelleri,0,0,0,0,0,0,Rusham 2016
Araucaria_nemorosa,0,0,0,0,0,0,Jaffre 1995
Araucaria_rulei,0,0,0,0,0,0,Rusham 2016
Araucaria_schmidii,0,0,0,0,0,0,Jaffre 1995
Araucaria_scopulorum,0,0,0,0,0,0,Gauduel 2012
Araucaria_subulata,0,0,0,0,0,0,Jaffre 1995
Athrotaxis_cupressoides,0,0,0,0,0,0,Worth et al. 2016
Athrotaxis_laxifolia,0,0,0,0,0,0,Cullen 1988 
Athrotaxis_selaginoides,0,0,0,0,0,0,Cullen 1988 
Austrocedrus_chilensis,0,0,0,0,0,0,Farjon 2017
Austrotaxus_spicata,0,0,0,0,0,0,Farjon 2017
Callitris_columellaris,0,0,0,0,0,0,Ladd et al 2013
Callitris_endlicheri,0,0,0,0,0,0,Ladd et al 2013
Callitris_sulcata,0,0,0,0,0,0,Haverkamp et al 2015
Calocedrus_formosana,0,0,0,0,0,0,Farjon 2017
Calocedrus_macrolepis,0,0,0,0,0,0,Farjon 2017
Calocedrus_rupestris,0,0,0,0,0,0,Earle 1997+
Cathaya_argyrophylla,0,0,0,0,0,0,Earle 1997+
Cedrus_deodara,0,0,0,0,0,0,Earle 1997+
Cedrus_libani,0,0,0,0,0,0,Yilmaz et al. 2019
Cephalotaxus_fortunei,0,0,0,0,0,0,Farjon 2017
Cephalotaxus_hainanensis,0,0,0,0,0,0,Farjon 2017
Cephalotaxus_harringtonii,0,0,0,0,0,0,Farjon 2017
Cephalotaxus_lanceolata,0,0,0,0,0,0,Farjon 2017
Cephalotaxus_latifolia,0,0,0,0,0,0,Farjon 2017
Cephalotaxus_mannii,0,0,0,0,0,0,Farjon 2017
Cephalotaxus_oliveri,0,0,0,0,0,0,Farjon 2017
Cephalotaxus_sinensis,0,0,0,0,0,0,Farjon 2017
Chamaecyparis_formosensis,0,0,0,0,0,0,Farjon 2017
Chamaecyparis_obtusa,0,0,0,0,0,0,Farjon 2017
Chamaecyparis_pisifera,0,0,0,0,0,0,Farjon 2017
Chamaecyparis_thyoides,0,0,0,0,0,0,FEIS 1990+
Cryptomeria_japonica,0,0,0,0,0,0,Farjon 2017
Cunninghamia_konishii,0,0,0,0,0,0,Earle 1997+
Cunninghamia_lanceolata,0,0,0,0,0,0,Farjon 2017
Cupressus_atlantica,0,0,0,0,0,0,Farjon 2017
Cupressus_austrotibetica,0,0,0,0,0,0,Farjon 2017 ducloxiana
Cupressus_cashmeriana,0,0,0,0,0,0,Farjon 2017
Cupressus_chengiana,0,0,0,0,0,0,Farjon 2017
Cupressus_duclouxiana,0,0,0,0,0,0,Farjon 2017
Cupressus_dupreziana,0,0,0,0,0,0,Farjon 2017
Cupressus_funebris,0,0,0,0,0,0,Farjon 2017
Cupressus_gigantea,0,0,0,0,0,0,Earle 1997+
Cupressus_jiangensis,0,0,0,0,0,0,Earle 1997+ chengiana
Cupressus_torulosa,0,0,0,0,0,0,Earle 1997+;
Dacrycarpus_cinctus,0,0,0,0,0,0,Ash 1988
Dacrycarpus_cumingii,0,0,0,0,0,0,Earle 1997+
Dacrycarpus_dacrydioides,0,0,0,0,0,0,Teixeira et al 2020
Dacrycarpus_expansus,0,0,0,0,0,0,Farjon 2017
Dacrycarpus_imbricatus,0,0,0,0,0,0,Sawada et al. 2016
Dacrycarpus_kinabaluensis,0,0,0,0,0,0,Sawada et al. 2016
Dacrycarpus_vieillardii,0,0,0,0,0,0,Jaffre 1995
Dacrydium_araucarioides,0,0,0,0,0,0,Earle 1997+; Farjon 2017
Dacrydium_balansae,0,0,0,0,0,0,Earle 1997+
Dacrydium_beccarii,0,0,0,0,0,0,Sawada et al. 2016
Dacrydium_comosum,0,0,0,0,0,0,Earle 1997+
Dacrydium_cupressinum,0,0,0,0,0,0,Teixeira et al 2020
Dacrydium_elatum,0,0,0,0,0,0,Earle 1997+
Dacrydium_gibbsiae,0,0,0,0,0,0,Earle 1997+
Dacrydium_gracile,0,0,0,0,0,0,Earle 1997+
Dacrydium_guillauminii,0,0,0,0,0,0,Jaffre 1995
Dacrydium_lycopodioides,0,0,0,0,0,0,Jaffre 1995
Dacrydium_magnum,0,0,0,0,0,0,Earle 1997+; Farjon 2017
Dacrydium_nausoriense,0,0,0,0,0,0,Farjon 2017
Dacrydium_nidulum,0,0,0,0,0,0,Keppel et al 2006
Dacrydium_xanthandrum,0,0,0,0,0,0,Earle 1997+; Farjon 2017
Diselma_archeri,0,0,0,0,0,0,Jordan 2019
Falcatifolium_falciforme,0,0,0,0,0,0,Sawada et al. 2016
Falcatifolium_papuanum,0,0,0,0,0,0,Earle 1997+
Falcatifolium_taxoides,0,0,0,0,0,0,Jaffre 1995
Fokienia_hodginsii,0,0,0,0,0,0,Farjon 2017
Glyptostrobus_pensilis,0,0,0,0,0,0,Farjon 2017
Halocarpus_biformis,0,0,0,0,0,0,Farjon 2017
Halocarpus_kirkii,0,0,0,0,0,0,Farjon 2017
Juniperus_angosturana,0,0,0,0,0,0,Farjon 2017
Juniperus_ashei,0,0,0,0,0,0,FEIS 1990+
Juniperus_barbadensis,0,0,0,0,0,0,Farjon 2017; Earle 1997+
Juniperus_bermudiana,0,0,0,0,0,0,Farjon 2017; Earle 1997+
Juniperus_blancoi,0,0,0,0,0,0,Farjon 2017; Earle 1997+
Juniperus_californica,0,0,0,0,0,0,FEIS 1990+
Juniperus_chinensis,0,0,0,0,0,0,Farjon 2017
Juniperus_comitana,0,0,0,0,0,0,Farjon 2017; Earle 1997+
Juniperus_communis,0,0,0,0,0,0,FEIS 1990+
Juniperus_convallium,0,0,0,0,0,0,Earle 1997+
Juniperus_drupacea,0,0,0,0,0,0,Farjon 2017
Juniperus_durangensis,0,0,0,0,0,0,Farjon 2017; Earle 1997+
Juniperus_excelsa,0,0,0,0,0,0,Farjon 2017
Juniperus_flaccida,0,0,0,0,0,0,FEIS 1990+
Juniperus_formosana,0,0,0,0,0,0,Farjon 2017
Juniperus_gamboana,0,0,0,0,0,0,Farjon 2017
Juniperus_gracilior,0,0,0,0,0,0,Farjon 2017
Juniperus_horizontalis,0,0,0,0,0,0,FEIS 1990+
Juniperus_indica,0,0,0,0,0,0,Farjon 2017
Juniperus_komarovii,0,0,0,0,0,0,Farjon 2017
Juniperus_microsperma,0,0,0,0,0,0,Earle 1997+;
Juniperus_monosperma,0,0,0,0,0,0,FEIS 1990+
Juniperus_monticola,0,0,0,0,0,0,Farjon 2017
Juniperus_occidentalis,0,0,0,0,0,0,FEIS 1990+
Juniperus_osteosperma,0,0,0,0,0,0,FEIS 1990+
Juniperus_phoenicea,0,0,0,0,0,0,Quevedo et al 2007
Juniperus_pingii,0,0,0,0,0,0,Farjon 2017
Juniperus_polycarpos,0,0,0,0,0,0,Farjon 2017
Juniperus_procera,0,0,0,0,0,0,Hall 1984
Juniperus_procumbens,0,0,0,0,0,0,Farjon 2017
Juniperus_przewalskii,0,0,0,0,0,0,Farjon 2017
Juniperus_pseudosabina,0,0,0,0,0,0,Farjon 2017
Juniperus_recurva,0,0,0,0,0,0,Farjon 2017
Juniperus_rigida,0,0,0,0,0,0,Farjon 2017
Juniperus_sabina,0,0,0,0,0,0,Farjon 2017
Juniperus_saltillensis,0,0,0,0,0,0,Farjon 2017
Juniperus_saltuaria,0,0,0,0,0,0,Farjon 2017
Juniperus_saxicola,0,0,0,0,0,0,Farjon 2017
Juniperus_scopulorum,0,0,0,0,0,0,FEIS 1990+ 
Juniperus_semiglobosa,0,0,0,0,0,0,Farjon 2017
Juniperus_squamata,0,0,0,0,0,0,Farjon 2017
Juniperus_taxifolia,0,0,0,0,0,0,Farjon 2017
Juniperus_thurifera,0,0,0,0,0,0,Farjon 2017
Juniperus_tibetica,0,0,0,0,0,0,Farjon 2017
Juniperus_virginiana,0,0,0,0,0,0,FEIS 1990+
Keteleeria_davidiana,0,0,0,0,0,0,Earle 1997+
Keteleeria_evelyniana,0,0,0,0,0,0,Earle 1997+
Keteleeria_fortunei,0,0,0,0,0,0,Earle 1997+
Lagarostrobos_franklinii,0,0,0,0,0,0,Gibson and Brown 1991
Larix_decidua,0,0,0,0,0,0,Blarquez and Carcaillet 2010
Larix_griffithii,0,0,0,0,0,0,Farjon 2017
Larix_kaempferi,0,0,0,0,0,0,Earle 1997+
Larix_laricina,0,0,0,0,0,0,FEIS 1990+
Larix_potaninii,0,0,0,0,0,0,Earle 1997+
Lepidothamnus_fonkii,0,0,0,0,0,0,Farjon 2017
Lepidothamnus_intermedius,0,0,0,0,0,0,Earle 1997+
Lepidothamnus_laxifolius,0,0,0,0,0,0,Farjon 2017
Libocedrus_bidwillii,0,0,0,0,0,0,Farjon 2017
Libocedrus_plumosa,0,0,0,0,0,0,Farjon 2017
Libocedrus_yateensis,0,0,0,0,0,0,Farjon 2017
Manoao_colensoi,0,0,0,0,0,0,Earle 1997+
Metasequoia_glyptostroboides,0,0,0,0,0,0,Farjon 2017
Microbiota_decussata,0,0,0,0,0,0,Earle 1997+;
Microcachrys_tetragona,0,0,0,0,0,0,Jordan 2019
Nageia_fleuryi,0,0,0,0,0,0,Earle 1997+
Nageia_formosensis,0,0,0,0,0,0,Earle 1997+
Nageia_motleyi,0,0,0,0,0,0,Farjon 2017
Nageia_nagi,0,0,0,0,0,0,Earle 1997+
Nageia_wallichiana,0,0,0,0,0,0,Earle 1997+
Neocallitropsis_pancheri,0,0,0,0,0,0,Farjon 2017
Nothotsuga_longibracteata,0,0,0,0,0,0,Farjon 2017
Papuacedrus_papuana,0,0,0,0,0,0,Farjon 2017
Parasitaxus_usta,0,0,0,0,0,0,Jaffre 1995
Pherosphaera_fitzgeraldii,0,0,0,0,0,0,NSW Office of Environment and Heritage. 2020 
Pherosphaera_hookeriana,0,0,0,0,0,0,Worth et el 2018
Phyllocladus_alpinus,0,0,0,0,0,0,Wardle 1968
Phyllocladus_aspleniifolius,0,0,0,0,0,0,Fletcher et al 2014
Phyllocladus_hypophyllus,0,0,0,0,0,0,Sawada et al. 2016
Phyllocladus_toatoa,0,0,0,0,0,0,Farjon 2017
Phyllocladus_trichomanoides,0,0,0,0,0,0,Farjon 2017
Picea_abies,0,0,0,0,0,0,FEIS 1990+
Picea_alcoquiana,0,0,0,0,0,0,Farjon 2017
Picea_asperata,0,0,0,0,0,0,Farjon 2017
Picea_brachytyla,0,0,0,0,0,0,Farjon 2017
Picea_breweriana,0,0,0,0,0,0,FEIS 1990+
Picea_chihuahuana,0,0,0,0,0,0,Farjon 2017
Picea_crassifolia,0,0,0,0,0,0,Farjon 2017
Picea_engelmannii,0,0,0,0,0,0,FEIS 1990+
Picea_farreri,0,0,0,0,0,0,Farjon 2017
Picea_glauca,0,0,0,0,0,0,FEIS 1990+
Picea_glehnii,0,0,0,0,0,0,Farjon 2017
Picea_jezoensis,0,0,0,0,0,0,Farjon 2017
Picea_koraiensis,0,0,0,0,0,0,Farjon 2017
Picea_koyamae,0,0,0,0,0,0,Farjon 2017
Picea_likiangensis,0,0,0,0,0,0,Farjon 2017
Picea_martinezii,0,0,0,0,0,0,Earle 1997+
Picea_maximowiczii,0,0,0,0,0,0,Farjon 2017
Picea_mexicana,0,0,0,0,0,0,Earle 1997+
Picea_meyeri,0,0,0,0,0,0,Farjon 2017
Picea_morrisonicola,0,0,0,0,0,0,Farjon 2017
Picea_neoveitchii,0,0,0,0,0,0,Earle 1997+
Picea_obovata,0,0,0,0,0,0,Farjon 2017
Picea_omorika,0,0,0,0,0,0,Farjon 2017
Picea_orientalis,0,0,0,0,0,0,Farjon 2017
Picea_pungens,0,0,0,0,0,0,Farjon 2017
Picea_purpurea,0,0,0,0,0,0,Farjon 2017
Picea_retroflexa,0,0,0,0,0,0,Farjon 2017
Picea_rubens,0,0,0,0,0,0,Farjon 2017
Picea_schrenkiana,0,0,0,0,0,0,Farjon 2017
Picea_sitchensis,0,0,0,0,0,0,FEIS 1990+
Picea_smithiana,0,0,0,0,0,0,Farjon 2017
Picea_spinulosa,0,0,0,0,0,0,Farjon 2017
Picea_torano,0,0,0,0,0,0,Farjon 2017
Picea_wilsonii,0,0,0,0,0,0,Farjon 2017
Pilgerodendron_uviferum,0,0,0,0,0,0,Farjon 2017
Pinus_albicaulis,0,0,0,0,0,0,Stevens et al. 2019
Pinus_amamiana,0,0,0,0,0,0,Earle 1997+
Pinus_aristata,0,0,0,0,0,0,FEIS 1990+
Pinus_armandii,0,0,0,0,0,0,Earle 1997+
Pinus_balfouriana,0,0,0,0,0,0,FEIS 1990+
Pinus_bhutanica,0,0,0,0,0,0,Wakimoto 2010; Earle 1997+ 
Pinus_bungeana,0,0,0,0,0,0,Earle 1997+
Pinus_cembra,0,0,0,0,0,0,Earle 1997+
Pinus_cembroides,0,0,0,0,0,0,FEIS 1990+
Pinus_culminicola,0,0,0,0,0,0,Perry 1991
Pinus_dabeshanensis,0,0,0,0,0,0,Earle 1997+
Pinus_dalatensis,0,0,0,0,0,0,Earle 1997+
Pinus_densata,0,0,0,0,0,0,Earle 1997+; Farjon 2017
Pinus_densiflora,0,0,0,0,0,0,Seo and Choung 2014
Pinus_discolor,0,0,0,0,0,0,Earle 1997+
Pinus_edulis,0,0,0,0,0,0,FEIS 1990+
Pinus_fenzeliana,0,0,0,0,0,0,Farjon 2017
Pinus_flexilis,0,0,0,0,0,0,FEIS 1990+
Pinus_gerardiana,0,0,0,0,0,0,Earle 1997+
Pinus_glabra,0,0,0,0,0,0,FEIS 1990+
Pinus_henryi,0,0,0,0,0,0,Earle 1997+
Pinus_hwangshanensis,0,0,0,0,0,0,Farjon 2017
Pinus_johannis,0,0,0,0,0,0,Perry 1991
Pinus_koraiensis,0,0,0,0,0,0,Chun 1994
Pinus_krempfii,0,0,0,0,0,0,Earle 1997+
Pinus_kwangtungensis,0,0,0,0,0,0,Earle 1997+
Pinus_longaeva,0,0,0,0,0,0,FEIS 1990+
Pinus_luchuensis,0,0,0,0,0,0,na;Earle 1997+
Pinus_luzmariae,0,0,0,0,0,0,Farjon 2017
Pinus_maximartinezii,0,0,0,0,0,0,Perry 1991
Pinus_monophylla,0,0,0,0,0,0,FEIS 1990+
Pinus_morrisonicola,0,0,0,0,0,0,Earle 1997+ 2006
Pinus_mugo,0,0,0,0,0,0,Earle 1997+
Pinus_nelsonii,0,0,0,0,0,0,Earle 1997+
Pinus_parviflora,0,0,0,0,0,0,Earle 1997+
Pinus_peuce,0,0,0,0,0,0,Fernandes et al. 2008
Pinus_pinceana,0,0,0,0,0,0,Perry 1991
Pinus_pumila,0,0,0,0,0,0,Weaver 1994
Pinus_quadrifolia,0,0,0,0,0,0,FEIS 1990+
Pinus_remota,0,0,0,0,0,0,Perry 1991
Pinus_rzedowskii,0,0,0,0,0,0,Farjon 2017
Pinus_sibirica,0,0,0,0,0,0,Weaver 1994
Pinus_squamata,0,0,0,0,0,0,Earle 1997+
Pinus_strobiformis,0,0,0,0,0,0,FEIS 1990+
Pinus_tabuliformis,0,0,0,0,0,0,Earle 1997+
Pinus_taiwanensis,0,0,0,0,0,0,na;Earle 1997+
Pinus_thunbergii,0,0,0,0,0,0,Earle 1997+
Pinus_uncinata,0,0,0,0,0,0,Earle 1997+
Pinus_virginiana,0,0,0,0,0,0,FEIS 1990+
Pinus_wallichiana,0,0,0,0,0,0,Wakimoto 2010
Pinus_wangii,0,0,0,0,0,0,Earle 1997+
Platycladus_orientalis,0,0,0,0,0,0,Farjon 2017
Podocarpus_acutifolius,0,0,0,0,0,0,Earle 1997+; Farjon 2017
Podocarpus_affinis,0,0,0,0,0,0,Coomes and Bellingham 2011
Podocarpus_angustifolius,0,0,0,0,0,0,Coomes and Bellingham 2011
Podocarpus_archboldii,0,0,0,0,0,0,Coomes and Bellingham 2011
Podocarpus_bracteatus,0,0,0,0,0,0,Coomes and Bellingham 2011
Podocarpus_brasiliensis,0,0,0,0,0,0,Farjon 2017
Podocarpus_brassii,0,0,0,0,0,0,Coomes and Bellingham 2011
Podocarpus_brevifolius,0,0,0,0,0,0,Coomes and Bellingham 2011
Podocarpus_capuronii,0,0,0,0,0,0,Farjon 2017
Podocarpus_celatus,0,0,0,0,0,0,Farjon 2017
Podocarpus_chingianus,0,0,0,0,0,0,Coomes and Bellingham 2011
Podocarpus_coriaceus,0,0,0,0,0,0,Coomes and Bellingham 2011
Podocarpus_costalis,0,0,0,0,0,0,Coomes and Bellingham 2011
Podocarpus_costaricensis,0,0,0,0,0,0,Coomes and Bellingham 2011
Podocarpus_crassigemmis,0,0,0,0,0,0,Farjon 2017
Podocarpus_cunninghamii,0,0,0,0,0,0,Williams 2010
Podocarpus_decumbens,0,0,0,0,0,0,Earle 1997+
Podocarpus_deflexus,0,0,0,0,0,0,Farjon 2017
Podocarpus_dispermus,0,0,0,0,0,0,Coomes and Bellingham 2011
Podocarpus_ekmanii,0,0,0,0,0,0,Farjon 2017
Podocarpus_fasciculus,0,0,0,0,0,0,Coomes and Bellingham 2011
Podocarpus_gibbsiae,0,0,0,0,0,0,Farjon 2017
Podocarpus_glaucus,0,0,0,0,0,0,Earle 1997+
Podocarpus_gnidioides,0,0,0,0,0,0,Turner and Cernusak 2011
Podocarpus_grayae,0,0,0,0,0,0,Coomes and Bellingham 2011
Podocarpus_guatemalensis,0,0,0,0,0,0,Coomes and Bellingham 2011
Podocarpus_henkelii,0,0,0,0,0,0,Evard 1986
Podocarpus_hispaniolensis,0,0,0,0,0,0,Dalling et al.  2011
Podocarpus_insularis,0,0,0,0,0,0,Turner and Cernusak 2011
Podocarpus_lambertii,0,0,0,0,0,0,Coomes and Bellingham 2011
Podocarpus_latifolius,0,0,0,0,0,0,Evard 1986
Podocarpus_lawrencei,0,0,0,0,0,0,Barker 1991
Podocarpus_ledermannii,0,0,0,0,0,0,Farjon 2017
Podocarpus_longifoliolatus,0,0,0,0,0,0,Jaffre 1995
Podocarpus_lucienii,0,0,0,0,0,0,Jaffre 1995
Podocarpus_macrophyllus,0,0,0,0,0,0,Coomes and Bellingham 2011
Podocarpus_madagascariensis,0,0,0,0,0,0,Farjon 2017
Podocarpus_magnifolius,0,0,0,0,0,0,Farjon 2017
Podocarpus_matudae,0,0,0,0,0,0,Coomes and Bellingham 2011
Podocarpus_milanjianus,0,0,0,0,0,0,Coomes and Bellingham 2011
Podocarpus_nakaii,0,0,0,0,0,0,Coomes and Bellingham 2011
Podocarpus_neriifolius,0,0,0,0,0,0,Coomes and Bellingham 2011
Podocarpus_nivalis,0,0,0,0,0,0,Williams 2010
Podocarpus_novae_caledoniae,0,0,0,0,0,0,Coomes and Bellingham 2011
Podocarpus_nubigenus,0,0,0,0,0,0,Kitzberger 2016
Podocarpus_oleifolius,0,0,0,0,0,0,Niemann 2008 dissertation book mark
Podocarpus_pallidus,0,0,0,0,0,0,Turner and Cernusak 2011
Podocarpus_parlatorei,0,0,0,0,0,0,Coomes and Bellingham 2011
Podocarpus_pilgeri,0,0,0,0,0,0,Coomes and Bellingham 2011
Podocarpus_polyspermus,0,0,0,0,0,0,Jaffre 1995
Podocarpus_polystachyus,0,0,0,0,0,0,Coomes and Bellingham 2011
Podocarpus_pseudobracteatus,0,0,0,0,0,0,Farjon 2017
Podocarpus_purdieanus,0,0,0,0,0,0,Coomes and Bellingham 2011
Podocarpus_ramosii,0,0,0,0,0,0,Farjon 2017
Podocarpus_rubens,0,0,0,0,0,0,Coomes and Bellingham 2011
Podocarpus_rumphii,0,0,0,0,0,0,Coomes and Bellingham 2011
Podocarpus_rusbyi,0,0,0,0,0,0,Earle 1997+
Podocarpus_salignus,0,0,0,0,0,0,Coomes and Bellingham 2011
Podocarpus_salomonensis,0,0,0,0,0,0,Coomes and Bellingham 2011
Podocarpus_sellowii,0,0,0,0,0,0,Coomes and Bellingham 2011
Podocarpus_smithii,0,0,0,0,0,0,Farjon 2017
Podocarpus_spathoides,0,0,0,0,0,0,Coomes and Bellingham 2011
Podocarpus_sprucei,0,0,0,0,0,0,Farjon 2017
Podocarpus_subtropicalis,0,0,0,0,0,0,Coomes and Bellingham 2011
Podocarpus_sylvestris,0,0,0,0,0,0,Jaffre 1995
Podocarpus_teysmannii,0,0,0,0,0,0,Farjon 2017
Podocarpus_totara,0,0,0,0,0,0,Teixeira et al 2020; Lawes et al 2014
Podocarpus_transiens,0,0,0,0,0,0,Farjon 2017
Podocarpus_trinitensis,0,0,0,0,0,0,Coomes and Bellingham 2011
Podocarpus_urbanii,0,0,0,0,0,0,Coomes and Bellingham 2011
Prumnopitys_andina,0,0,0,0,0,0,Farjon 2017
Prumnopitys_exigua,0,0,0,0,0,0,Farjon 2017
Prumnopitys_ferruginea,0,0,0,0,0,0,Farjon 2017
Prumnopitys_ferruginoides,0,0,0,0,0,0,Jaffre 1995
Prumnopitys_harmsiana,0,0,0,0,0,0,Farjon 2017
Prumnopitys_ladei,0,0,0,0,0,0,Earle 1997+
Prumnopitys_montana,0,0,0,0,0,0,Farjon 2017
Prumnopitys_taxifolia,0,0,0,0,0,0,Teixeira et al 2020 
Pseudolarix_amabilis,0,0,0,0,0,0,Farjon 2017
Pseudotaxus_chienii,0,0,0,0,0,0,Farjon 2017
Pseudotsuga_japonica,0,0,0,0,0,0,Farjon 2017
Pseudotsuga_sinensis,0,0,0,0,0,0,Farjon 2017
Retrophyllum_comptonii,0,0,0,0,0,0,Jaffre 1995
Retrophyllum_minus,0,0,0,0,0,0,Farjon 2017
Retrophyllum_piresii,0,0,0,0,0,0,Farjon 2017
Retrophyllum_rospigliosii,0,0,0,0,0,0,Earle 1997+
Retrophyllum_vitiense,0,0,0,0,0,0,Earle 1997+
Saxegothaea_conspicua,0,0,0,0,0,0,Kitzberger 2016
Sciadopitys_verticillata,0,0,0,0,0,0,Earle 1997+;
Sundacarpus_amarus,0,0,0,0,0,0,Farjon 2017
Taiwania_cryptomerioides,0,0,0,0,0,0,oFarjon 2017
Taxus_baccata,0,0,0,0,0,0,Earle 1997+
Taxus_brevifolia,0,0,0,0,0,0,FEIS 1990+
Taxus_canadensis,0,0,0,0,0,0,FEIS 1990+
Taxus_contorta,0,0,0,0,0,0,Farjon 2017
Taxus_cuspidata,0,0,0,0,0,0,Farjon 2017
Taxus_floridana,0,0,0,0,0,0,FEIS 1990+
Taxus_globosa,0,0,0,0,0,0,Earle 1997+
Taxus_mairei,0,0,0,0,0,0,Farjon 2017
Taxus_wallichiana,0,0,0,0,0,0,Earle 1997+
Thuja_koraiensis,0,0,0,0,0,0,Farjon 2017
Thuja_occidentalis,0,0,0,0,0,0,FEIS 1990+
Thuja_plicata,0,0,0,0,0,0,FEIS 1990+
Thuja_standishii,0,0,0,0,0,0,Farjon 2017
Thujopsis_dolabrata,0,0,0,0,0,0,Farjon 2017
Torreya_fargesii,0,0,0,0,0,0,Farjon 2017
Torreya_grandis,0,0,0,0,0,0,Farjon 2017
Torreya_jackii,0,0,0,0,0,0,Farjon 2017
Torreya_nucifera,0,0,0,0,0,0,Farjon 2017
Torreya_taxifolia,0,0,0,0,0,0,FEIS 1990+
Tsuga_canadensis,0,0,0,0,0,0,FEIS 1990+
Tsuga_caroliniana,0,0,0,0,0,0,FEIS 1990+
Tsuga_chinensis,0,0,0,0,0,0,Farjon 2017
Tsuga_diversifolia,0,0,0,0,0,0,Farjon 2017
Tsuga_dumosa,0,0,0,0,0,0,Farjon 2017
Tsuga_forrestii,0,0,0,0,0,0,Farjon 2017
Tsuga_heterophylla,0,0,0,0,0,0,FEIS 1990+
Tsuga_mertensiana,0,0,0,0,0,0,FEIS 1990+
Tsuga_sieboldii,0,0,0,0,0,0,Farjon 2017
Widdringtonia_whytei,0,0,0,0,0,0,Pauw and Linder 1996
Xanthocyparis_nootkatensis,0,0,0,0,0,0,FEIS 1990+
Xanthocyparis_vietnamensis,0,0,0,0,0,0,Farjon 2017